christian alternative rock,2.01123595505618
shoegaze,18.1602938505685
welsh rock,3.02272727272727
mizrahi,8.06666666666667
disco,205.638844959662
chicago soul,41.3529939812224
alternative rock,54.3838098571965
pop rap,7.05405405405405
reggae fusion,25.7134368555421
experimental rock,24.1510563313126
thrash metal,20.1925482766812
new wave,796.610097510945
deep disco,2.01098901098901
lo fi,5.05630134241635
vintage swing,4.02325581395349
traditional blues,8.03036053130929
nu gaze,3.03333333333333
acoustic blues,8.03036053130929
rap metal,6.03971030403329
indietronica,1.01052631578947
traditional folk,32.2534854599036
classic funk rock,211.613610745198
east coast hip hop,44.3911194968556
beach music,5.02318413294023
sleaze rock,29.2254652030284
rockabilly,40.247648629508
bubblegum pop,54.6209903656219
christmas,79.4744781696712
funk,251.115834581443
soft rock,577.23980985735
post punk,90.7717849330413
straight edge,2.0125
new age,25.9153846153846
pop christmas,505.801233341499
pop rock,42.6665133886494
nwobhm,38.998940276273
trip hop,34.7019109195403
neo progressive,15.1162133026168
jazz christmas,80.1383170921214
roots rock,135.077793339526
christian metal,3.01086956521739
christian christmas,5.02210552027357
ragtime,5.0188679245283
desert blues,9.03448275862069
quiet storm,322.289894116735
twee pop,32.3119056847545
turntablism,16.1692692415963
comedy rock,4.0125
jazz blues,20.7292513550136
freestyle,260.865612751229
texas blues,2.01075268817204
chicago blues,6.01960784313725
soul christmas,515.53308063976
lilith,72.8828361719575
brutal deathcore,3.01587301587302
british blues,119.514298238093
p funk,8.07640308863713
ethereal wave,22.4481191222571
punk,27.2450948158866
blues,6.01960784313725
soul jazz,11.0520302867864
post disco soul,19.1384461048844
dixieland,5.0188679245283
pub rock,37.327170620029
underground hip hop,18.1803803527074
boston rock,1.01075268817204
piedmont blues,2.01075268817204
new romantic,938.783240408409
scottish rock,47.6013945466125
indie rock,14.1345405009187
deep progressive house,11.0454545454545
alternative roots rock,7.03555555555556
vocal house,9.03520408163265
country gospel,9.04918414918415
brostep,2.01063829787234
progressive trance house,11.0454545454545
rap rock,43.3887745895235
hip pop,68.7018020134195
canterbury scene,4.01234567901235
symphonic rock,57.6090456187928
folk prog,4.0125
catstep,2.01063829787234
industrial metal,10.0552474990677
ska,2.01086956521739
post grunge,3.0188679245283
deep funk,17.1709845709845
british invasion,108.551297687256
northern soul,8.03730480046269
folk pop,88.9508718862432
bubblegum dance,2.01666666666667
neo psychedelic,19.1492279549448
jazz,5.0188679245283
swing,9.03704974271012
piano rock,24.0179792232424
french rock,14.3333333333333
australian dance,98.6374640065817
cowpunk,7.03555555555556
chicago house,89.5843821583838
hard rock,316.099043909485
metal,94.5344543971425
deep house,10.0378205128205
hi nrg,738.069869957317
jangle pop,38.2290651039148
texas country,7.03555555555556
hardcore punk,3.01149425287356
dark progressive house,11.0454545454545
swedish hard rock,13.0526675786594
urban contemporary,211.218327551278
chillstep,2.01063829787234
hard glam,10.0571937288362
steampunk,3.0188679245283
smooth jazz,60.4221104706014
gangster rap,39.3348343653821
anti folk,7.03589743589744
roots reggae,52.9873118079847
pop,116.581651681652
singer songwriter,179.673922167553
rock gaucho,2.01176470588235
old school hip hop,185.605844211019
britpop,52.510636561365
album rock,542.938067978758
big band,9.03704974271012
west african jazz,9.03448275862069
hardcore,2.0125
indie christmas,30.3470427157384
crossover prog,4.02272727272727
spanish indie pop,2.02298850574713
deep latin alternative,5.0274328081557
chanson,14.3333333333333
eurodance,20.1191234204392
big beat,40.7331570817705
power metal,10.0653518895453
rock,541.004905358167
memphis soul,34.8085784079152
classic rock,265.028520296141
heavy christmas,159.657733263885
europop,500.363587170487
dark wave,51.7695503445435
bow pop,1.01010101010101
c86,81.7260545409334
alternative country,7.03555555555556
celtic christmas,23.8961538461538
detroit techno,6.01724137931035
progressive rock,93.8908453387291
dancehall,52.9873118079847
alternative pop,4.04554865424431
australian country,2.01176470588235
traditional country,9.04918414918415
folk rock,190.096638422443
boy band,223.836037867092
blues rock,101.095124303574
a cappella,18.2490118577075
motown,196.761059052671
industrial rock,17.1191594986502
electro,50.261172117932
power pop,20.07245004995
folk,30.2427327717316
glam rock,289.272286680827
outlaw country,16.0847397047397
mexican indie,5.0274328081557
ska revival,6.05632411067194
new orleans jazz,5.0188679245283
israeli rock,8.06666666666667
vocal jazz,64.1608361314422
indonesian pop,25.2780952380952
industrial,14.0770122049501
nashville sound,9.04918414918415
contemporary country,9.04918414918415
electro industrial,1.01
country road,9.04918414918415
r b,51.3589465582146
melancholia,93.8657995834206
chill out,34.7019109195403
neo soul,103.968046507014
ccm,2.01123595505618
filthstep,2.01063829787234
corrosion,38.634331046298
german metal,7.04898576581468
rap,77.5966807390144
christian music,2.01123595505618
folk punk,8.04626250972606
world,19.1117877231597
new wave pop,1646.27730534754
country christmas,11.0609488550665
dutch pop,1.01041666666667
rock and roll,81.2231367316696
memphis blues,6.01960784313725
dream pop,73.9408050578647
crossover thrash,4.04887820512821
southern soul,83.2893455335099
neo mellow,20.555736337088
techno,6.01724137931035
hip hop,129.196156814122
ebm,1.01
protopunk,109.31867859177
australian alternative rock,59.4994172615231
synthpop,584.574081095665
latin,4.01234567901235
perth indie,1.01369863013699
psychedelic rock,77.0312005722393
movie tunes,2.01176470588235
surf music,9.04
experimental,29.2009948118196
dance pop,368.844574572729
new jack swing,131.87857907034
downtempo,34.7019109195403
celtic rock,62.5737317079901
merseybeat,46.5655946091524
brazilian pop music,2.01176470588235
madchester,261.263408227723
alternative hip hop,16.1692692415963
permanent wave,213.086272377694
funk metal,22.1951282546894
hardcore hip hop,57.4838284849134
zolo,47.127411646355
mande pop,9.03448275862069
lounge,46.9282177163576
lovers rock,52.9873118079847
australian pop,120.786430483862
delta blues,6.01960784313725
nu metal,6.03971030403329
latin christmas,4.01234567901235
country blues,8.03036053130929
balearic,4.02211632453568
indie psych pop,2.03030303030303
celtic,23.8961538461538
irish rock,22.2511817459726
post disco,131.79953098874
mellow gold,513.614447973814
deep new wave,21.0918444860386
world christmas,30.7610643712109
adult standards,88.4723337314867
comic,4.0125
progressive metal,13.107018556212
southern rock,53.5426654037041
south african jazz,2.01123595505618
noise rock,3.01176470588235
acid jazz,3.01098901098901
alternative metal,7.06796776086218
eurobeat,8.08695652173913
dub,36.3253235038911
drumfunk,2.01162790697674
funk rock,165.207755327711
space rock,16.1289947089947
electric blues,23.1799759530234
doo wop,1.01098901098901
melodic hard rock,35.0064171939172
deep melodic hard rock,4.02202056866303
drone psych,5.0126582278481
noise pop,8.08963467574968
latin pop,4.01234567901235
easy listening,4.01818181818182
soul,227.120936276104
cabaret,5.0188679245283
speed metal,59.1902098899535
neo classical metal,5.01162790697674
soul blues,57.1400040047962
electronic,59.619953618567
canadian metal,3.02325581395349
punk christmas,2.02083559413999
oi,1.01052631578947
dance rock,784.93592862397
chamber pop,7.05804865424431
uk post punk,150.195833676969
icelandic pop,10.052849601379
glam metal,94.7796236422048
modern blues,3.02085369827305
skate punk,3.01149425287356
no wave,14.0982563037503
latin jazz,3.01219512195122
grunge,1.01063829787234
spytrack,2.01282051282051
country rock,38.2627015596821
italian disco,54.9756753210558
brill building pop,55.6808525253543
celtic punk,19.1451096422274
candy pop,93.1236217449283
groove metal,14.1512908156468
indie pop,1.01052631578947
laboratorio,2.01923076923077
reggae,62.0387603594332
gothic rock,75.9544057864814
hip house,165.180825217189
jazz fusion,25.2886106997257
swedish pop,3.01298701298701
folk christmas,103.912592332561
jazz funk,11.0520302867864
acid house,124.255658564333
art rock,262.291421696963
country,9.04918414918415
