chamber pop,41.5177613813391
jam band,27.41966873706
tribal house,5.06780699567962
progressive rock,34.748541279589
groove metal,45.4039004851612
gospel,3.03703703703704
swedish pop,56.15
lovers rock,115.980568773332
abstract,3.03703703703704
disco house,34.4564817044637
rock,631.702227268822
retro metal,1.01639344262295
candy pop,1.01639344262295
stoner rock,1.01492537313433
gothic rock,17.2809346349178
protopunk,19.5790494647471
g funk,16.151673507461
roots rock,121.061910687537
reggae,92.5016005193636
sleaze rock,43.9289358548345
british blues,31.2961616856074
house,7.09053426840689
folk,7.08482272595176
reggae fusion,89.8226190476191
metropopolis,14.1210840658102
folk punk,10.183615819209
urban contemporary,321.657786146784
bubblegum dance,237.840337621866
dance pop,447.477903336102
hardcore breaks,2.01851851851852
garage rock,3.0471918316303
lounge,4.05263157894737
melancholia,65.0630688460253
boy band,118.539758848333
french rock,5.03795202291443
jazz fusion,1.01388888888889
britpop,179.896541678247
j alt,3.025
memphis blues,5.04267744833782
german pop,1.01449275362319
underground hip hop,50.6750360957451
psychedelic rock,14.1341765873016
traditional folk,11.1320216281774
pub rock,4.03933965577801
punk christmas,1.01587301587302
healing,5.02970950704225
new wave pop,770.893258893979
hip pop,60.8066334439381
southern rock,25.2532242063492
dream pop,53.7032584777905
new beat,1.02173913043478
kirtan,1.01408450704225
slow core,9.1505195781461
noise pop,18.2591375248459
australian dance,18.7806580501702
ambient,19.2596433726822
roots reggae,116.994457662221
death metal,2.01515151515152
memphis soul,5.04166666666666
sheffield indie,2.02
latin metal,2.01515151515152
electronic,169.908232710528
german metal,4.04711751662971
eurovision,6.05615942028986
industrial,17.789226849152
funk rock,270.375324982246
post disco,51.5042816115811
chicago blues,5.04267744833782
pop,179.319480564239
metal,56.4480558181158
nwobhm,23.0092465711501
balearic,1.01612903225806
delta blues,5.04267744833782
rap,124.333724198828
dancehall,148.910651679874
jazz blues,7.07344667910705
latin,19.2706390831391
downtempo,21.2154662786911
c86,3.03131881575728
symphonic rock,8.07625
new orleans blues,2.03076923076923
progressive house,3.03661616161616
folk pop,93.6827004264159
ska revival,2.01785714285714
show tunes,1.01388888888889
punk,1.01587301587302
progressive metal,4.04711751662971
experimental rock,12.231111291809
crossover thrash,5.04664570230608
kiwi rock,6.04325581395349
uk garage,2.02778313717924
schranz,2.02272727272727
indie rock,80.9064911084062
lilith,48.9915521460655
celtic punk,5.05555555555556
talent show,13.737037037037
gangster rap,72.6845486206171
boston rock,42.379640021793
breakbeat,63.5292442842798
kwaito,1.01470588235294
neurofunk,26.0448064112448
west coast rap,16.151673507461
alternative hip hop,8.05874821695718
nu skool breaks,5.06066176470588
east coast hip hop,53.4578323308761
j indie,3.025
world fusion,1.01408450704225
vocal house,65.7831250750304
cowpunk,4.04208494208494
post punk,15.2304094446366
alternative pop,48.4476200486796
bouncy house,3.03410059676044
disco,166.08006418672
acid jazz,83.5464815403758
mellow gold,454.363775396473
hardcore hip hop,84.7703238646013
old school hip hop,123.376698543007
adult standards,55.6051707765523
indietronica,20.2243439091265
hardcore techno,95.1128303736503
brill building pop,38.4636168417245
soul,89.8858909706901
soundtrack,4.03861566484517
drill and bass,4.05165816326531
turntablism,14.1419634945951
merseybeat,7.08450658450659
jump up,1.01369863013699
new wave,350.416644020943
ragga jungle,1.01333333333333
neo soul,113.355657534422
neo mellow,6.06554500208205
indie christmas,51.6399557106087
australian pop,29.8783789753924
classic funk rock,173.383404463041
math rock,2.08333333333333
psychedelic trance,4.03389355742296
chanson,5.03795202291443
australian alternative rock,28.3187744166195
juggalo,71.6612106581487
texas blues,9.07392744833782
lo fi,46.4561240680392
post hardcore,2.08333333333333
rockabilly,9.08899292959004
j rock,3.025
hard glam,4.0501179245283
new jack swing,109.32139953158
icelandic pop,14.1210840658102
blues,5.04267744833782
heavy christmas,50.6140774391802
album rock,354.978217068488
rap metalcore,1.02127659574468
ethereal wave,5.09837728194726
drumfunk,1.01369863013699
alternative metal,122.292130062797
zolo,4.07692307692308
country rock,26.3006722942904
happy hardcore,2.02739726027397
quiet storm,191.670260642184
christmas,36.4407700121516
country,1.01408450704225
metal guitar,1.0188679245283
jangle pop,71.9801161913231
blues rock,87.3899213198116
spoken word,5.04897959183673
comic,3.03461538461539
industrial rock,30.5328165927417
hi nrg,266.313148420423
christian punk,3.03571428571429
irish folk,15.1452406868044
piano blues,3.02380952380952
chill out,55.1240086325523
drum and bass,2.02957164601001
funk,90.99266887021
country blues,2.0188679245283
chill lounge,3.01818181818182
glam metal,72.3661026424262
power metal,4.04711751662971
soft rock,527.485137126197
oi,4.0374649859944
experimental,5.07505068574836
pop rock,259.288578058393
german techno,55.5932635109691
deep funk house,2.02702702702703
acid house,80.2908721789219
ebm,6.085859845785
christian christmas,6.07275132275133
hip house,545.901512538459
alternative dance,20.2243439091265
nu metal,75.3519117577575
stoner metal,1.01492537313433
fourth world,1.01694915254237
eurodance,376.176498940711
shoegaze,25.3824674253445
irish rock,26.2887945231439
folk christmas,145.049490195942
modern blues,6.0501179245283
corrosion,3.05263157894737
traditional blues,5.04267744833782
madchester,294.314330710135
ska,3.03637566137566
liquid funk,1.01369863013699
no wave,5.07505068574836
operatic pop,1.01388888888889
hollywood,1.01470588235294
nu gaze,14.2325020086567
twee pop,1.01639344262295
big beat,111.612521179517
trip hop,25.2704681243906
techno,14.1386782618496
classic rock,158.680146885485
new romantic,294.680851102904
minimal techno,4.03341687552214
deep hardcore,2.02739726027397
synthpop,296.704922530261
jazz christmas,7.0689587822962
power pop,77.4223249385134
full on,1.01428571428571
permanent wave,385.862997223051
british invasion,26.3350548301206
latin christmas,30.4109289382116
rap rock,155.426680349411
math pop,1.01333333333333
sinhala,6.06219864995178
southern soul,7.05861581920903
nu jazz,15.1683140861114
dub,29.2505904183535
europop,581.669577703041
deep house,6.08042004680659
funk metal,154.813599146783
ninja,11.1237816764133
noise rock,10.1945221445221
speed garage,3.04316775256386
chicago house,15.1930452691114
rva indie,2.02898550724638
pop christmas,469.59402017689
celtic rock,45.6327826725548
smooth jazz,18.163114626452
soul christmas,324.853349592709
alternative rock,364.15496972692
neo classical metal,4.04711751662971
jungle,2.02957164601001
pop rap,8.07084987084988
motown,80.7843049065519
movie tunes,20.2380952380953
electro industrial,6.085859845785
tech house,6.05614414824941
world christmas,3.025
post rock,1.01333333333333
intelligent dance music,39.4812736637385
thrash metal,19.2236920620225
ska punk,1.01851851851852
alternative country,6.05932632139528
dance rock,304.859636352133
celtic,6.06226053639847
jump blues,5.05457875457875
rock and roll,37.4548169904799
singer songwriter,169.00272704851
scottish rock,42.6098987594542
classic psychedelic rock,1.01388888888889
canadian country,12.1269164728038
freestyle,15.1660626137988
illbient,6.07373737373738
speed metal,38.1858211165429
soul blues,9.07748374373733
deep melodic hard rock,3.03125
post grunge,153.440679795672
r b,177.959149256491
welsh rock,12.1521212121212
latin hip hop,4.02702702702703
gabba,2.02739726027397
hard rock,232.788552984083
future ambient,1.01612903225806
art rock,176.668531634802
celtic christmas,15.1452406868044
uk post punk,17.2453348177709
anarcho punk,1.01694915254237
grunge,144.894644786545
acid techno,8.06299603174603
glitch,1.02040816326531
new age,9.05380681818182
electric blues,13.1245414046122
neo psychedelic,15.2457836900293
folk rock,117.176513086865
industrial metal,29.5146347745599
bubblegum pop,23.2927267877925
latin pop,19.2706390831391
detroit techno,7.07033601319315
space rock,10.1494472487742
glam rock,258.867471984038
jazz funk,5.05842129858706
dark wave,4.08711433756806
country christmas,1.01408450704225
rap metal,62.2286379678763
hip hop,125.344951143495
sludge metal,1.01492537313433
electroclash,20.2243439091265
laboratorio,3.01818181818182
piano rock,36.8556663244163
acoustic blues,5.04267744833782
italian progressive rock,4.0434988179669
deep funk,2.01694915254237
