chamber pop,74.8184033586752
jam band,10.1427450980392
tribal house,6.1019120906416
progressive rock,30.3012293318581
classic norwegian pop,1.0188679245283
groove metal,20.276754782158
gospel,4.07142857142857
swedish pop,20.2719803072744
trance,2.02941176470588
hard house,7.0912987012987
german indie,5.05887300252313
lovers rock,40.2334427302943
abstract,5.0650623885918
disco house,32.2807494519451
rock,631.626361658684
comedy,3.03225806451613
candy pop,18.3272536436497
contemporary country,6.05555555555556
hard trance,5.06272727272727
stoner rock,2.03764954257565
gothic rock,7.09581334774053
protopunk,18.1985960526402
g funk,15.1570224411604
roots rock,70.4323157989736
reggae,35.157934020003
sleaze rock,27.395197509363
british blues,22.3146205500557
house,28.168302634185
argentine rock,1.01612903225806
folk,14.1746827246827
reggae fusion,28.0666666666667
metropopolis,31.2268115942029
folk punk,8.22916666666667
urban contemporary,355.461008075092
bubblegum dance,150.246252419003
trap music,2.01818181818182
dance pop,453.448038599787
garage rock,42.4966666666667
pop punk,27.8682577409676
melancholia,49.6944002271225
boy band,216.251523334124
britpop,512.527534846172
memphis blues,2.02222222222222
underground hip hop,7.10389964096007
psychedelic rock,2.02941176470588
traditional folk,13.1704499204499
pub rock,8.08080808080808
punk christmas,13.1633220328342
doom metal,2.03181818181818
healing,2.03846153846154
new wave pop,588.277288861034
hip pop,89.397887168955
indie r b,32.593667654809
southern rock,10.1596568627451
dream pop,39.8062117790947
french folk pop,1.01408450704225
skate punk,9.10702298136329
metalcore,2.02325581395349
slow core,4.07074752753235
noise pop,8.12072753724953
australian dance,26.8491039707419
crunk,2.01818181818182
dirty south rap,4.04943181818182
ambient,8.11178634133079
roots reggae,40.2334427302943
death metal,1.02
sheffield indie,60.6147353991739
bass music,8.08333333333333
electronic,130.385652142378
industrial,4.0514596949891
funk rock,105.491880140193
post disco,16.2336367880485
canadian pop,3.02941176470588
chicago blues,2.02222222222222
pop,264.408134594755
metal,41.1835580841471
nwobhm,6.43333333333333
delta blues,2.02222222222222
rap,38.5307171299494
dancehall,49.9446006866696
christian alternative rock,10.05
jazz blues,2.02222222222222
latin,5.05263157894737
world,5.0588679245283
downtempo,66.5610975901939
gothic metal,2.03181818181818
symphonic rock,7.11798512508451
progressive house,16.8389355742297
neo progressive,2.03448275862069
folk pop,70.9648285400484
southern hip hop,3.03246753246753
show tunes,5.03851540616246
riot grrrl,1.01639344262295
punk,8.0925302277401
canadian indie,11.124609929078
progressive metal,7.08448275862069
experimental rock,2.03344389165285
uk garage,2.02380952380952
indie rock,159.224792618368
lilith,43.5166323953193
polish punk,1.01449275362319
qawwali,1.02222222222222
talent show,65.4871794871795
gangster rap,34.463034862598
uplifting trance,2.02941176470588
boston rock,8.11415308829102
breakbeat,40.5304661767079
neurofunk,5.05263157894737
west coast rap,15.1570224411604
nu skool breaks,3.04
east coast hip hop,13.2141572899134
world fusion,2.03846153846154
vocal house,65.7267818184217
cowpunk,1.01428571428571
post punk,13.1901115933546
alternative pop,27.3334376052987
bubble trance,5.06666666666667
disco,47.6479388337307
black death,3.03858998144712
west african jazz,3.04
future garage,8.08333333333333
acid jazz,34.9791661325095
mellow gold,291.16966229871
classic belgian pop,1.01538461538462
french indie pop,1.01408450704225
hardcore hip hop,31.4403689867133
old school hip hop,22.2999220998161
adult standards,24.5465215325896
hardcore techno,53.922770351114
brill building pop,4.06733746130031
soul,44.5227020356121
drill and bass,1.02040816326531
turntablism,3.04636091724825
merseybeat,22.25
christian music,10.05
new wave,260.730099279347
ragga jungle,2.01960784313725
punjabi,1.02222222222222
neo soul,198.974350254276
neo mellow,19.1614473862394
indie christmas,18.2233351445216
mbalax,2.0188679245283
australian pop,26.8491039707419
classic funk rock,88.2122868018221
gbvfi,1.01639344262295
psychedelic trance,1.01470588235294
christian metal,1.01515151515152
australian alternative rock,3.03103365958463
juggalo,26.3526669604791
texas blues,4.04305555555555
lo fi,8.12072753724953
children s music,3.03225806451613
rockabilly,3.04761904761905
new jack swing,242.788398775018
icelandic pop,31.2268115942029
blues,2.02222222222222
heavy christmas,76.6451980841212
album rock,196.808633398406
ethereal wave,3.04928292046937
drumfunk,1.01449275362319
alternative metal,54.7764492017002
zolo,7.05902777777778
trance hop,8.10714285714286
filmi,1.02222222222222
country rock,21.2624619781596
hard alternative,1.01851851851852
happy hardcore,6.08193979933111
quiet storm,172.179309055045
christmas,6.10025062656642
country,8.08412698412699
bow pop,14.1139172709295
jangle pop,37.961315259066
blues rock,33.4611909479419
comic,14.7544802867383
industrial rock,12.2013498048792
hi nrg,56.8163209072568
irish folk,10.1778115159694
chill out,70.6123215775592
drum and bass,6.06452402316665
hands up,3.04166666666667
funk,61.8543561266927
choral,2.01818181818182
country blues,2.02222222222222
glam metal,43.9179247820903
soft rock,307.10737242288
experimental,11.119212962963
pop rock,191.998132191901
avantgarde metal,1.01612903225806
german techno,26.3423430196357
ebm,1.01333333333333
acid house,47.258661642303
christian christmas,14.1214285714286
hip house,501.539995189663
alternative dance,7.09882352941176
nu metal,35.5116938424725
stoner metal,2.03764954257565
desert blues,3.04
fourth world,2.01960784313725
eurodance,360.169339395165
shoegaze,35.7574100551185
folk christmas,78.6338485256362
modern blues,10.1524673202614
traditional blues,2.02222222222222
liquid funk,1.01449275362319
madchester,511.566886216682
operatic pop,19.152432677092
hollywood,2.02859477124183
nu gaze,20.5350219256468
cabaret,1.01470588235294
eurobeat,6.10674082313682
big beat,101.979806675575
trip hop,69.5967218020476
classical christmas,2.01818181818182
mande pop,3.04
techno,15.8138888888889
classic rock,47.585912172663
new romantic,175.458600663384
belgian rock,1.01818181818182
minimal techno,15.8138888888889
violin,14.1139172709295
synthpop,122.180292899854
jazz christmas,2.02222222222222
power pop,66.8166895072956
hardcore,1.01960784313725
permanent wave,448.399760755081
british invasion,28.3467492260062
indian pop,1.02222222222222
latin christmas,7.07535885167464
new jack smooth,1.01666666666667
edm,2.02941176470588
rap rock,47.722767692242
drone,2.01960784313725
swedish indie rock,2.01960784313725
nu jazz,17.1971911630345
modern uplift,1.01851851851852
dub,32.1044862772695
desi,1.02222222222222
europop,482.11744823371
deep house,3.04446640316205
funk metal,47.708452044122
ninja,1.01694915254237
rock steady,1.02
hyphy,1.01587301587302
noise rock,1.01492537313433
vocal jazz,4.05325814536341
speed garage,15.2603174603174
chicago house,9.14297206416772
native american,3.02702702702703
pop christmas,465.722479072369
deep indie rock,1.02040816326531
celtic rock,34.6160559672413
smooth jazz,3.02439024390244
thai indie,5.05
soul christmas,195.952714871357
alternative rock,282.517645696728
jungle,9.10452402316665
french pop,23.7866039707419
pop rap,33.6364222531518
motown,45.5374079179651
progressive trance,2.02941176470588
electro industrial,1.01333333333333
tech house,15.8138888888889
melodic metalcore,2.02325581395349
world christmas,24.0384615384615
footwork,8.08333333333333
intelligent dance music,16.2057453714311
thrash metal,5.06545454545455
alternative country,1.01428571428571
ska punk,1.01785714285714
dance rock,148.517072944371
celtic,24.1301924683504
rock and roll,6.10025062656642
singer songwriter,89.5968872656768
scottish rock,31.4609134066823
dubstep,8.08333333333333
deep german indie,5.05887300252313
bhangra,1.02222222222222
canadian country,1.0188679245283
neoclassical,1.01538461538462
freestyle,4.0666111272095
illbient,9.1041280148423
speed metal,16.5487878787879
ccm,10.05
soul blues,12.15
deep melodic hard rock,2.02380952380952
post grunge,105.984433985443
r b,270.775142903972
melodic hardcore,3.03888299752563
underground power pop,3.03448275862069
hard rock,162.122507532153
deep progressive trance,16.2011494252874
art rock,108.88533389574
celtic christmas,26.1647162778742
uk post punk,22.319118003611
grunge,66.6349121435472
acid techno,3.04263038548753
glitch,2.01960784313725
hardcore punk,2.02439024390244
new age,39.2072204237915
electric blues,6.05798092868988
neo psychedelic,87.4323938139158
post disco soul,1.015625
folk rock,22.2624777720025
industrial metal,11.1880164715459
soul flow,1.01538461538462
bubblegum pop,4.07263157894737
latin pop,5.05263157894737
detroit techno,2.02222222222222
space rock,30.6714668376224
glam rock,195.196663492028
dark wave,1.01538461538462
jazz funk,9.09360357415277
country christmas,2.02857142857143
rap metal,22.3669516567311
thai pop,5.05
hip hop,38.5307171299494
sludge metal,2.03764954257565
laboratorio,11.1538461538462
piano rock,18.2124325350225
acoustic blues,2.02222222222222
