"Artist","sum"
"Elvis Presley",753.423850676671
"Perry Como",681.599710693542
"Pat Boone",641.716903854675
"Patti Page",633.374058574272
"Eddie Fisher",560.609892342816
"Frank Sinatra",462.141415339033
"Fats Domino",426.025758853862
"Four Aces",412.805359320472
"The Platters",381.892417291407
"Nat King Cole",362.060574703483
"Tony Bennett",343.403405224953
"Les Paul & Mary Ford",318.770058158216
"Kay Starr",313.940220400146
"Jo Stafford",295.170948100013
"Frankie Laine",294.418154602831
"Johnny Mathis",291.034822472488
"Ricky Nelson",287.704936230158
"Teresa Brewer",286.12266423321
"Doris Day",280.01691406598
"Guy Mitchell",268.096032030637
"Bill Haley & His Comets",262.781349163408
"Georgia Gibbs",248.822402944572
"Joni James",246.306022372489
"The Four Lads",245.298225528861
"The McGuire Sisters",239.550250229048
"Rosemary Clooney",238.678650547393
"The Everly Brothers",229.651576609665
"The Ames Brothers",216.424946733334
"Ray Anthony",214.824953170754
"Les Baxter & His Orchestra",211.072528860029
"Sarah Vaughan",207.743026329124
"Ames Brothers",207.463315445542
"Vic Damone",206.036099771487
"Dean Martin",204.128588494905
"The Diamonds",202.710567011437
"Little Richard",201.684979039109
"Jimmie Rodgers",197.798312861501
"Paul Anka",195.271192991701
"Fontane Sisters",194.757532648925
"Guy Lombardo & His Royal Canadians",194.264451999906
"Andy Williams",188.341799649153
"Tony Martin",187.801428008088
"Bing Crosby",186.900493092279
"Chuck Berry",184.272070031733
"Connie Francis",179.218256367105
"Frankie Avalon",161.547185714056
"Sam Cooke",161.425677310793
"Gale Storm",160.512053651967
"Billy Vaughn & His Orchestra",158.501905607803
"Johnny Cash",154.505627616091
"Eddy Howard & His Orchestra",153.547967772968
"The Coasters",148.930334169305
"Roger Williams",146.238334775727
"Johnnie Ray",145.959269598005
"Don Cornell",141.885742135409
"Dinah Shore",139.384657443317
"The Chordettes",135.042101622948
"Tennessee Ernie Ford",131.838761292637
"Clyde McPhatter",131.399957955763
"Mills Brothers",131.09318488529
"Tommy Edwards",130.951132993372
"Lloyd Price",130.64002407883
"Nat King Cole (Nelson Riddle & His Orchestra)",127.5
"Rusty Draper",126.996696207357
"Marty Robbins",124.61038651178
"The Crew-Cuts",120.771071093675
"Mario Lanza",119.868462917165
"Ralph Flanagan & His Orchestra",117.189124709713
"Harry Belafonte",115.132929292929
"Bobby Darin",114.945555820169
"Jaye P. Morgan",113.90837158474
"Hugo Winterhalter & His Orchestra",112.633133755251
"Hilltoppers",111
"Les Paul",107.96944197969
"LaVern Baker",107.168144504323
"Duane Eddy",106.768628005308
"Al Hibbler",101.240454892171
"Don Cherry",98.7529404120783
"Jack Scott",97.375074770984
"Mitch Miller & His Orchestra",97.1729684200574
"Jerry Lee Lewis",95.6319132311272
"The Hilltoppers",94.9253745853157
"Billy Eckstine",91.6712881702584
"George Hamilton IV",90.9420134348074
"Brook Benton",89.967566950237
"Johnny Desmond",88.3694709709144
"Fabian",87.2264917651458
"Jackie Wilson",86.9090820687595
"Tab Hunter",85.390241516028
"Steve Lawrence",84.8884117749359
"Perez Prado & His Orchestra",84.8645590754826
"Tommy Sands",84.7361537394034
"Sammy Kaye & His Orchestra",84.6152272727273
"Gaylords",83
"Vaughn Monroe & His Orchestra",82.1869047619048
"Buddy Knox",81.9929845126456
"Bobby Helms",81.9348654244306
"Weavers (Gordon Jenkins & His Orchestra)",81.75
"Kitty Kallen",81.1270342144955
"Jim Lowe",80.1582374989352
"Johnnie Ray & Four Lads",79
"Julius LaRosa",78.8503245929927
"Nat King Cole (Les Baxter & His Orchestra)",78.1533613445378
"Ralph Marterie & His Orchestra",77.8190865384615
"The Four Preps",77.6878652671856
"Roy Hamilton",76.3544518205808
"Don Gibson",76.2456693108737
"Chuck Willis",75.5651336014608
"Stan Freberg",75.4223648969651
"Betty Johnson",73.8179736371117
"Conway Twitty",73.5099043028409
"Gogi Grant",72.7909428537023
"Bill Doggett",72.1222644066463
"Dion & The Belmonts",72.0451180878722
"The Kingston Trio",71.9387755102041
"The Crickets",71.8040110366682
"The Four Coins",71.2814952662514
"David Seville",71.097503105553
"Perry Como & Fontane Sisters",70.1347744360902
"Sammy Davis Jr.",67.881089109715
"Peggy Lee",67.2757021380234
"Andrews Sisters",67.1497326203209
"Ritchie Valens",66.4643233578016
"Jane Morgan",66.3863704353723
"Nelson Riddle & His Orchestra",65.9633510167993
"Louis Armstrong",65.220197044335
"Jimmy Dorsey",64.7974481658692
"Mantovani & His Orchestra",64.2833333333333
"Buddy Holly",64.2496679531741
"The Playmates",63.3685927229545
"The Drifters",62.8559487137854
"Mitch Miller Orchestra & Chorus",62.4710526315789
"Jerry Vale",62.2373015873016
"Leroy Anderson & His Pops Concert Orchestra",62.0833333333333
"The Fleetwoods",61.5375457875458
"Paul Weston & His Orchestra",60.9437030075188
"The Crests",60.939065154255
"Eydie Gorme",60.2491177400722
"Eddie Cochran",59.5093027933619
"Lawrence Welk",59.2457224556489
"June Valli",59.0859075866587
"Mindy Carson",58.4568694328239
"Gary Crosby & Friend (Bing Crosby)",57.8630952380952
"Larry Williams",56.6890959282264
"Billy Ward & His Dominoes",56.2284382284382
"Eileen Barton",56.04
"Vera Lynn",56.0285984848485
"The Dell-Vikings",55.2643369175627
"Gordon Jenkins & His Orchestra",55.1037037037037
"Crew-Cuts",55
"Jimmy Clanton",54.9072248803828
"Patience & Prudence",54.8455168119552
"Red Foley",54.3996212121212
"Gene Vincent & His Blue Caps",54.1363125099538
"Bobby Day",53.8447565875587
"Dick Jacobs",52.3108643932087
"Percy Faith & His Orchestra",52.2963875205254
"Billy Williams",51.3553069619037
"Weavers",51.2714867978026
"Danny & The Juniors",50.8451898978215
"Russ Morgan & His Orchestra",50.5279761904762
"Gisele MacKenzie",49.6300751879699
"Cathy Carr",49.5784174366264
"Joe Fingers Carr",49.3383458646617
"Four Knights",48.6863354037267
"Somethin' Smith & The Redheads",48.6833506676128
"Toni Arden",48.3761904761905
"Johnny Horton",48.2398589065256
"Nat King Cole & The Four Knights",48.2351190476191
"The Champs",47.8837278012919
"Johnny & The Hurricanes",47.856368286445
"Sonny James",47.2637487594483
"Dee Clark",47.1531746031746
"David Carroll & His Orchestra",47.14941822883
"Al Martino",47.0544733044733
"Ray Charles",46.9109296416768
"Cozy Cole",46.8743386243386
"Jerry Wallace",46.8705515498994
"Ferlin Husky",46.7249802994484
"Freddy Martin & His Orchestra",46.5696422428621
"Eileen Rodgers",46.1507828836204
"Sal Mineo",45.8826510721248
"Little Willie John",45.2151515151515
"Kalin Twins",45.1738095238095
"Dicky Doo & The Don'ts",45.159706704557
"Victor Young & His Singing Strings",45.0961538461539
"Bill Hayes",45.030303030303
"Hugo Winterhalter",44.5566483084186
"Debbie Reynolds",44.2112903225806
"The Chantels",44.1302017231595
"The Dream Weavers",43.8155452001589
"Richard Hayes",43.815303657695
"Kathy Linden",43.4411063872189
"Bobby Rydell",43.3871580252654
"Don Rondo",43.0738209159262
"Carl Perkins",42.2890480246763
"Boyd Bennett",42.1963891422393
"Dale Hawkins",42.1359184796685
"Della Reese",42.0378787878788
"Four Lads",42
"Richard Hayman & His Orchestra",42
"Neil Sedaka",41.7857142857143
"Charlie Gracie",41.7824668599834
"Johnny Maddox",41.5290381125227
"Ivory Joe Hunter",41.2114303437099
"Frankie Lymon & The Teenagers",41.1574539495592
"Sunny Gale",41.097504456328
"The Browns",40.9592760180995
"Margaret Whiting & Jimmy Wakely",40.6500323206206
"Jill Corey",40.1770149806334
"Dinah Washington",39.8542780748663
"Billy Grammer",39.7866666666667
"The Skyliners",39.2220773576706
"Arthur Godfrey",39.1412037037037
"Jimmy Bowen",39.1248454469507
"Lou Monte",39.1018518518518
"Big Bopper",38.3735380116959
"Lee Andrews & The Hearts",38.1247474747475
"Anton Karas",38
"Frank Chacksfield & His Orchestra",38
"Buchanan & Goodman",37.8172542735043
"Sammy Turner",37.7414933675653
"Bobby Freeman",37.2085858154169
"Eddy Arnold",37.1420753597445
"Billy & Lillie",36.9809912309912
"Royal Teens",36.8429487179487
"Bing Crosby & Andrews Sisters",36.5
"The Five Satins",36.0816666666667
"Georgie Shaw",36.0762824936738
"Santo & Johnny",36.0434782608696
"Morris Stoloff & Col. Pic Orchestra",35.5555555555556
"Phil Harris",35.2583333333333
"Bing Crosby & Grace Kelly",35.2043010752688
"Margaret Whiting",35.1937656143539
"Betty Madigan",35.0635970958552
"Fess Parker",34.9303921568627
"Ernie Freeman",34.1691713747646
"Sheb Wooley",34.1676691729323
"The Four Esquires",34.1058008658009
"Percy Faith & His Orchestra (Vocal Faliecia Sanders)",34
"Annette",33.8702494666878
"Gene Autry",33.8056077694236
"The Teddy Bears",33.8038017882738
"Jim Reeves",33.1344103170928
"David Rose & His Orchestra",33.0755093999775
"Billy Vaughn",33.0555555555556
"Bill Justis",33.0238095238095
"Eartha Kitt",33
"Huey (Piano) Smith",32.9174297924298
"Bonnie Guitar",32.6559151849554
"Marvin Rainwater",32.0981264255458
"The Five Keys",32.0865424430642
"Pee Wee King & His Golden West Cowboys",32
"Little Anthony & The Imperials",31.4970244755235
"Carl Dobkins Jr.",30.931592039801
"Martin Denny",30.9220779220779
"Art Mooney",30.7635394755661
"Mickey & Sylvia",30.1414942521852
"Dave Baby Cortez",30.1340405014465
"Ruth Brown",30.1233333333333
"Sylvia Syms",30.112324929972
"The Clovers",30.0768115942029
"Karen Chandler",30.0204081632653
"Thurston Harris",29.469136996904
"Nick Noble",29.1965556465556
"The Applejacks",29.1656015037594
"Chris Connor",29.0399380804954
"Pee Wee Hunt Orch",29
"George Cates",28.8087878787879
"Jimmy Wakely",28.2884615384615
"Domenico Modugno",28.2603092783505
"Frankie Laine & Jo Stafford",28.1357466063348
"Cyril Stapleton & His Orchestra",28.1169230769231
"McGuire Sisters",28
"Dodie Stevens",27.9010871653604
"The Impalas",27.9005167958656
"Earl Grant",27.7535505430242
"Laurie London",27.7368421052632
"Joan Weber",27.5
"Sanford Clark",27.1563706563707
"Link Wray",27.1059782608696
"The Cadillacs",27.0945378151261
"Sil Austin",27.0892861954677
"The Four Freshmen",27.0872051719238
"Joe Bennett & The Sparkletones",27.0826330532213
"Bobby Wayne",27.0819397993311
"Shirley & Lee",27.0763157894737
"Archie Bleyer",27.0752169720347
"Bell Sisters",27
"Chordettes",27
"Sammy Kaye & His Orchestra (Vocal Don Cornell)",27
"The Bobbettes",26.8333333333333
"The Teenagers",26.7380952380952
"Johnny Otis Show",26.5029472443266
"Pinetoppers",26.3714285714286
"Tommy Dorsey Orchestra",26.3
"Russ Hamilton",26.2934782608696
"Dennis Day",26.2871124818386
"Del Wood",26.25
"Vaughn Monroe",26.15503492273
"The Flamingos",26.1215034965035
"The Dubs",26.070880663272
"Gary Stites",26.0671536796537
"Tony Bellus",26.04
"Leroy Holmes & His Orchestra",26.0274754683318
"Jane Froman",26
"Jody Reynolds",25.9445632798574
"The Bell Notes",25.8464912280702
"The Elegants",25.7894736842105
"Nervous Norvus",25.5952380952381
"Dorothy Collins",25.1801470588235
"The Rays",25.1666666666667
"Jane Powell",25.1333333333333
"Mariners",25.125
"Eddie Heywood",25.0909090909091
"Johnny Nash",25.0795545876436
"The Tarriers",25.0394736842105
"Ella Mae Morse",25
"Chuck Miller",24.5566316922249
"DeJohn Sisters",24.4470848315644
"Will Glah� & His Orchestra",24.135989010989
"Snooky Lanson",24.1333333333333
"Helen O'Connell",24.125
"Gordon MacRae",24.1186038011696
"Florian Zabach",24.0969230769231
"Billy Williams Quartet",24.0832286760858
"Mitchell Torok",24.077037037037
"Robert & Johnny",24.073252688172
"Ronnie Hawkins",24.0606837606838
"Steve Allen",24.0597619047619
"Webb Pierce",24.0553652968037
"Poni-Tails",24.0411161016131
"Perry Como & Eddie Fisher",24
"Thomas Wayne",23.9687643020595
"Dick Hyman Trio",23.75
"Don Robertson",23.5
"Jo Stafford & Gordon MacRae",23.4324786324786
"Jack Teter Trio",23.1666666666667
"Ella Fitzgerald",23.133803368586
"Buddy Morrow & His Orchestra",23.125
"Ed Townsend",23.1108213820078
"Champ Butler",23.1062933010195
"Russ Morgan",23.0859649122807
"Percy Faith",23.0618614354869
"Carl Mann",23.0575438596491
"Gene Allison",23.0414764079148
"Norman Petty Trio",23.0178571428571
"Four Tunes",23
"Johnnie Ray & The Four Lads",23
"Wilbert Harrison",23
"Terry Gilkyson & The Easy Riders",22.9342105263158
"Johnnie & Joe",22.5795454545455
"Stonewall Jackson",22.5105263157895
"Kay Starr & Tennessee Ernie Ford",22.3787878787879
"Miss Toni Fisher",22.3725490196078
"Phil Phillips",22.3333333333333
"The Silhouettes",22.3333333333333
"The Four Voices",22.12
"Victor Young & His Orchestra",22.1169743411123
"Kit Carson",22.0909090909091
"The Monotones",22.0888888888889
"The Cowboy Church Sunday School",22.077380952381
"Richard Maltby & His Orchestra",22.0714285714286
"Ray Peterson",22.07125
"Tex Ritter",22.0357142857143
"Nat King Cole (Billy May & His Orchestra)",22
"Peggy Lee (Gordon Jenkins Orchestra)",22
"The Crescendos",21.9333333333333
"Vince Martin & The Tarriers",21.7426900584795
"The Chipmunks",21.6153846153846
"The Olympics",21.5781822514032
"Sandy Nelson",21.5
"April Stevens (Henri Rene Orchestra)",21.4703703703704
"Dick Haymes",21.4118895909188
"Ernie Fields",21.3552631578947
"Robin Luke",21.3176470588235
"The Tune Weavers",21.3052631578947
"Jerry Lewis",21.2673374613003
"Otis Williams & His Charms",21.1818181818182
"Stan Kenton & His Orchestra",21.1421568627451
"The DeCastro Sisters",21.1358101195563
"Skip & Flip",21.1049935979513
"The Moonglows",21.103698630137
"Louis Prima & Keely Smith",21.0805746249682
"Rod Bernard",21.077027027027
"Jimmy Reed",21.0573873035567
"Johnny Tillotson",21.0458857872651
"Janice Harper",21.0458390142908
"Bob Beckham",21.03125
"The Turbans",21.030303030303
"Bobby Blue Bland",21.0232558139535
"Slim Whitman",21.010752688172
"Johnny Standley",21
"Julie London",20.6111111111111
"DeCastro Sisters",20.5
"Wink Martindale",20.3697478991597
"Gloria Mann",20.1777678659927
"The Virtues",20.15
"Ken Griffin",20.0909090909091
"Joe Valino",20.0833333333333
"Anita Bryant",20.0762296957218
"Jimmy Darren",20.0669434353918
"Blue Stars",20.0625
"The Falcons",20.0588235294118
"Eugene Church",20.0427031509121
"Art & Dotty Todd",19.9166666666667
"Margie Rayburn",19.6374269005848
"Bill Parsons",19.625
"Bill Snyder Orchestra",19.3333333333333
"Jane Turzy",19.3151515151515
"Paul Evans",19.2222222222222
"Savannah Churchill",19.2
"Freddy Cannon",19.1666666666667
"Frankie Ford",19.1531664212077
"Jodie Sands",19.0771929824561
"The Highlights",19.0645363408521
"Marv Johnson",19.0455284552846
"Lorry Raine",19.0416666666667
"The Heartbeats",19.0316884373488
"Frank Weir & His Orchestra",19
"Perry Como & Betty Hutton",19
"Lonnie Donegan Skiffle Group",18.8897058823529
"Franck Pourcel's French Fiddles",18.7222222222222
"The Penguins",18.7083333333333
"Alan Dale",18.6571428571429
"The Nutty Squirrels",18.1650793650794
"Edward Byrnes",18.1153846153846
"The Charms",18.1051282051282
"Dale Wright",18.0522898154477
"Floyd Robinson",18.05
"The Wailers",18.0424836601307
"Chet Atkins",18.0396389324961
"Brenda Lee",18.0371447028424
"David Whitfield (Mantovani & His Orchestra)",18
"Sauter-Finegan Orchestra",18
"Reg Owen & His Orchestra",17.45
"Jan & Arnie",17.4450379867047
"Jimmie McCracklin",17.3928571428571
"Debbie Reynolds & Carlton Carpenter",17.3333333333333
"Ethel Merman & Ray Bolger",17.2344827586207
"Caterina Valente",17.2321428571429
"Chris Barber's Jazz Band",17.2
"Dick Todd",17.0909090909091
"Hollywood Flames",17.0909090909091
"Teddi King",17.0790929705215
"Ivo Robic",17.0769230769231
"Bo Diddley",17.0661290322581
"The Mystics",17.0602040816327
"The Royaltones",17.0588235294118
"Shepherd Sisters",17.0555555555556
"Roy Brown",17.0457187136769
"Jesse Belvin",17.0446037435285
"Lou Busch",17.0419047619048
"Tommy Charles",17.0341253791709
"Pearl Bailey",17
"Silvana Mangano",17
"Spike Jones & His City Slickers",16.2822802197802
"Jimmy Dorsey & His Orchestra",16.2769230769231
"The Shields",16.1666666666667
"The Harry Simeone Chorale",16.1435897435897
"Fireflies",16.0952380952381
"The Fiestas",16.0909090909091
"Patsy Cline",16.0833333333333
"Mormon Tabernacle Choir",16.0769230769231
"Nick Todd",16.0720092915215
"Lieutenant Buddy Knox",16.0588235294118
"Moe Koffman Quartette",16.0573671497585
"The Six Teens",16.0525
"Clarence Henry Frog Man",16.05
"Harvey & The Moonglows",16.0454545454545
"Jimmy Newman",16.0434782608696
"The Pastels",16.0416666666667
"Big Jay McNeely",16.0227272727273
"Carol Jarvis",16.0208333333333
"Billy May & His Orchestra",16.0204081632653
"Chords",16
"Henri Rene & His Orchestra",16
"Jan & Dean",15.9539518900344
"Richard Hayman",15.1818181818182
"Victor Young & His Orchestra (Vocal Don Cherry)",15.1428571428571
"Gene Krupa & His Orchestra",15.1111111111111
"Ken Copeland",15.0833333333333
"Bonnie Lou",15.0714285714286
"Nappy Brown",15.0687798147053
"Eddie Platt",15.0635135135135
"Elmer Bernstein",15.0625
"The Mark IV",15.0561594202899
"Nina Simone",15.0555555555556
"Lenny Dee",15.0526315789474
"Leroy Van Dyke",15.0526315789474
"Little Joe & The Thrillers",15.0454545454545
"Russell Arms",15.0454545454545
"Donnie Owens",15.04
"Joe Reisman",15.0399209486166
"The Rivieras",15.0349752258817
"Timmie Oh Yeah! Rogers",15.0277777777778
"Joe Turner",15.0243902439024
"Cookie & His Cupcakes",15.0212765957447
"Bob Sharples",15.0192307692308
"Connee Boswell",15
"Don Howard",15
"Rex Allen",15
"Ronnie Gaylord",15
"Travis & Bob",14.7884615384615
"Art Mooney & His Orchestra",14.7101449275362
"John Zacherle",14.7051282051282
"Jack Owens",14.2227944469324
"King Cole Trio (Stan Kenton & His Orchestra)",14.2
"The Rover Boys",14.1376582278481
"Helmut Zacharias",14.0833333333333
"Homer & Jethro",14.0714285714286
"Count Basie",14.0457142857143
"The Tempos",14.0434782608696
"Billy Myles",14.04
"Bobby Hendricks",14.04
"Billy Storm",14.0357142857143
"The Shirelles",14.0324563560364
"Lou Stein",14.0322580645161
"The Jive Bombers",14.0277777777778
"The Spacemen",14.0243902439024
"Bill Haley",14
"Doris Day & Frankie Laine",14
"Eddie Calvert",14
"The Danleers",13.9120879120879
"The Cheers",13.8939393939394
"Tony Martin & Fran Warren",13.3333333333333
"Jo Stafford & Frankie Laine",13.1637426900585
"Hoagy Carmichael & Cass Daley",13.1343873517787
"Mel Torme",13.125
"Lawrence (Piano Roll) Cook",13.1223776223776
"Sonny Knight",13.1176470588235
"Renato Carosone",13.1111111111111
"Del Vikings",13.0833333333333
"Art Lund",13.0826645264848
"Owen Bradley Quintet",13.0772946859903
"Bobby Scott",13.0769230769231
"Jerry Keller",13.0714285714286
"Preston Epps",13.0714285714286
"The Islanders",13.0666666666667
"Tommy Leonetti",13.0535792709706
"Fireballs",13.0512820512821
"Eddie Cooley",13.05
"The Cleftones",13.0479082321188
"Jimmy Dean",13.0461753731343
"Paul Gayten",13.0422322775264
"The G-Clefs",13.0416666666667
"Tommy Facenda",13.0357142857143
"Techniques",13.0344827586207
"Cliff Richard",13.0333333333333
"Hank Locklin",13.0281385281385
"Ray Sharpe",13.0217391304348
"Gene & Eunice",13.0208333333333
"James Brown",13.0208333333333
"David Whitfield",13.0161290322581
"Darrell Glenn",13
"Frankie Laine & Jimmy Boyd",13
"Red Buttons",13
"Kitty Kallen & Richard Hayes",12.4
"Rick Nelson",12.1428571428571
"Jan Peerce",12.1287878787879
"Dinah Shore & Tony Martin",12.125
"Harmonicats (Jan August Orchestra)",12.125
"The Quin-Tones",12.1111111111111
"Gloria DeHaven (Guy Lombardo Orchestra)",12.0909090909091
"Jerry Butler",12.0909090909091
"Tommy Dee",12.0909090909091
"Bing Crosby & Jane Wyman",12.0909090909091
"Tex Beneke & His Orchestra",12.0833333333333
"The Teen Queens",12.0714285714286
"Rock-A-Teens",12.0625
"Bill Kenny",12.0555555555556
"Gino & Gina",12.05
"Jesse Lee Turner",12.05
"The Aquatones",12.047619047619
"Carl Smith",12.0465085021255
"Jacky Noguez & His Musette Orchestra",12.0416666666667
"The Nu Tornados",12.0384615384615
"Lee Allen & His Band",12.0293880837359
"Woody Herman & His Orchestra",12.0259915611814
"The Original Casuals",12.0238095238095
"The Slades",12.0238095238095
"Johnny Pate Quintet",12.0232558139535
"Andre Previn",12.0217391304348
"The Accents",12.0196078431373
"Bob Carroll",12.016393442623
"The 5 Royales",12.0151515151515
"Artie Wayne",12
"Cowboy Copas (Elliot Lawrence)",12
"Denise Lor",12
"Johnnie Lee Wills",11.2222222222222
"Mel Blanc",11.1111111111111
"Dick Haymes (Artie Shaw Orchestra)",11.1
"The Cadets",11.0666666666667
"The El Dorados",11.0588235294118
"The Jayhawks",11.0555555555556
"Gerry Granahan",11.0434782608696
"Tony Perkins",11.0416666666667
"The Jamies",11.0384615384615
"Bernie Lowe",11.0381325730577
"Rocco Granata",11.0322580645161
"Randy Starr",11.03125
"Johnny Dee",11.0263157894737
"The Gladiolas",11.0243902439024
"Hot-Toddys",11.0175438596491
"Robert Mitchum",11.0161290322581
"Willows",11.0161290322581
"Cheers",11
"Dolores Gray",11
"Hank Williams & His Drifting Cowboys",11
"Hugo Winterhalter & His Orchestra (Vocal Eddie Fisher)",11
"Jackie Lee & His Orchestra",11
"Jean Shepard & Ferlin Husky",11
"Liberace",11
"Norman Brooks",11
"Lionel Hampton & His Orchestra",10.2857142857143
"Carmen Cavallaro & His Orchestra",10.2
"Red Foley & Ernest Tubb",10.2
"The Sunnysiders",10.1666666666667
"Larry Green & His Orchestra",10.1126373626374
"Richard Hayes & Kitty Kallen",10.1111111111111
"Bill Farrell",10.1055555555556
"Doris Day (Harry James Orchestra)",10.1
"Roberta Lee",10.0769230769231
"Peggy King",10.0734360913323
"Harry James & His Orchestra",10.0714285714286
"Dave Gardner",10.0454545454545
"Rinky-Dinks",10.0416666666667
"Al Trace & His Orchestra",10.0384615384615
"The Gaylords",10.0354387331175
"Mickey Mozart Quintet",10.0333333333333
"The Five Blobs",10.030303030303
"Knightsbridge Strings",10.0302315608919
"The Revels",10.0285714285714
"Edmundo Ros",10.0263203463203
"Hank Ballard & The Midnighters",10.0253831417625
"The Tune Rockers",10.0227272727273
"Jimmie Dee & The Offbeats",10.0212765957447
"Les Elgart & His Orchestra",10.0178571428571
"The Cellos",10.0161290322581
"Lillian Offitt",10.0151515151515
"The Passions",10.0144927536232
"Mello-Kings",10.012987012987
"Don, Dick N' Jimmy",10.0104166666667
"Bunny Paul",10
"Don Cornell & Alan Dale & Johnny",10
"Johnny Maddox & The Rhythmasters",10
"Orioles",10
"Benny Strong & His Orchestra",9.14354066985646
"Priscilla Wright",9.125
"Percy Faith & His Orchestra (Vocal Burl Ives)",9.1
"Blue Barron & His Orchestra",9.09109311740891
"Hugo Winterhalter & His Orchestra (Vocal Fontane Sisters)",9.09090909090909
"David Seville & The Chipmunks",9.0625
"Dominoes",9.05882352941176
"Johnny Ace",9.05882352941176
"Gordon Jenkins & His Orchestra (Vocal Bob Carroll)",9.05555555555556
"Ray Price",9.04082708813266
"Georgie Young",9.03448275862069
"Gone All Stars",9.03333333333333
"Raymond Lefevre & His Orchestra",9.03333333333333
"Eddie Lawrence",9.02941176470588
"Little Junior Parker",9.02633402633403
"Quaker City Boys",9.02564102564103
"The Beverley Sisters",9.02439024390244
"Dick Contino",9.02380952380952
"Ed Byrnes & Friend",9.02380952380952
"Freddie Cannon",9.02325581395349
"Joe Darensbourg",9.02325581395349
"Noble Thin Man Watts",9.02272727272727
"Ted Newman",9.02222222222222
"The Manhattan Brothers",9.02222222222222
"The Isley Brothers",9.02127659574468
"Otis Williams & His New Group",9.02083333333333
"The Lovers",9.02083333333333
"Tom & Jerry",9.02040816326531
"Jackie Gleason",9.02
"The Megatrons",9.01960784313725
"Linda Laurie",9.01923076923077
"Billy Graves",9.0188679245283
"Charlie Blackwell",9.01818181818182
"Joan Regan",9.01818181818182
"The Gallahads",9.01612903225806
"The Trumpeteers",9.015625
"Lawrence Welk & His Orchestra",9
"Les Compagnons De La Chanson",9
"Frank Sinatra (Harry James Orchestra)",8.125
"Ink Spots",8.12360646599777
"Cliff Steward & The San Francisco Boys",8.10818713450292
"Crazy Otto",8.10025062656642
"Bill Darnel",8.09401709401709
"Dean & Marc",8.07142857142857
"Peggy Lee (Billy May Orchestra)",8.07142857142857
"The Voxpoppers",8.05555555555556
"Lucky Millinder & His Orchestra",8.05263157894737
"Kay Thompson",8.05128205128205
"Benny Goodman Trio",8.05
"Boots Brown",8.04347826086956
"Dick Flood",8.04347826086956
"Andy Griffith",8.03846153846154
"George Jones",8.03814994844602
"Enoch Light",8.03093434343434
"Tony & Joe",8.03030303030303
"Warner Mack",8.02990695613646
"The Pets",8.02941176470588
"The Three Chuckles",8.02921108742004
"Jerry Fuller",8.02698412698413
"Bob McFadden & Dor",8.02564102564103
"The Daddy-O's",8.02564102564103
"The Gadabouts",8.02564102564103
"Willy Alberti",8.02380952380952
"Henri Rene",8.02272727272727
"The Morgan Brothers",8.02
"Ron Goodwin & His Orchestra",8.01923076923077
"Ted Heath",8.01923076923077
"Ray Charles Singers",8.01818181818182
"The Rockin R's",8.01754385964912
"The Wild-Cats",8.01754385964912
"Anne Shelton",8.01694915254237
"Roy Orbison",8.01694915254237
"Roger Smith",8.015625
"Burl Ives",8.01190476190476
"Bob Manning",8
"Bulawayo Sweet Rhythms Band",8
"June Hutton",8
"Monty Kelly & His Orchestra",8
"Richard Hayman & His Orchestra (with Jerry Murad)",8
"Three Chuckles",8
"Three Suns",8
"Starlighters",7.16666666666667
"Mary Martin & Arthur Godfrey",7.125
"Peggy Lee & Mel Torme",7.11111111111111
"Louis Prima & His Orchestra",7.08333333333333
"Charlie Spivak & His Orchestra",7.0625
"Edmundo Ros & His Orchestra",7.0625
"Bonnie Sisters",7.05555555555556
"Joy Layne",7.05
"Ronald & Ruby",7.05
"Don Charles & The Singing Dogs",7.04545454545455
"The Mello-Tones",7.04166666666667
"Bobby Comstock",7.03846153846154
"Chubby Checker",7.02631578947368
"The Velours",7.02409638554217
"The Storey Sisters",7.02222222222222
"Marianne Vasel & Erich Storz",7.02173913043478
"The Strangers",7.02040816326531
"Hutch Davie",7.01960784313725
"Kay Cee Jones",7.01923076923077
"The Tassels",7.01818181818182
"Wingy Manone",7.01785714285714
"Frank Gallup",7.01754385964912
"Nicola Paone",7.01754385964912
"Tony Dallara",7.01666666666667
"Ronnie Self",7.01587301587302
"Ginny Gibson",7.01470588235294
"Andy Rose",7.01449275362319
"The Valiants",7.01449275362319
"Bobby Peterson Quintet",7.01408450704225
"Kitty Wells",7.01282051282051
"Clint Miller",7.0126582278481
"Bob Dini",7
"Charlie Applewhite",7
"Harry Grove Trio",7
"Jimmy Boyd",7
"Jose Ferrer & Rosemary Clooney",7
"Lancers",7
"Pete Hanley",7
"Walter Schumann",6.14285714285714
"Mervin Shiner",6.125
"Red Foley & Evelyn Knight",6.10714285714286
"Mickey Katz & His Orchestra",6.1010101010101
"Tab Smith & His Orchestra",6.1
"Frank Petty Trio",6.0972850678733
"Arthur Godfrey & Laurie Anders",6.07692307692308
"Ferko String Band",6.07142857142857
"Patty Andrews (Bob Crosby Orchestra)",6.05263157894737
"Claude Thornhill & His Orchestra",6.04166666666667
"Leo Diamond",6.03333333333333
"Faron Young",6.03002450980392
"Dancer, Prancer & Nervous",6.02941176470588
"Tom Edwards",6.02796052631579
"Titus Turner",6.02409638554217
"Hugo & Luigi",6.02273901808786
"Alfi & Harry",6.02272727272727
"Ronnie Height",6.02222222222222
"E. C. Beatty",6.02
"Arthur Lyman",6.01818181818182
"Don Costa",6.01694915254237
"Annie Laurie",6.01639344262295
"Donnie Elbert",6.01639344262295
"The Addrisi Brothers",6.01612903225806
"The Playboys",6.01612903225806
"Steve Gibson & The Red Caps",6.01587301587302
"Little Bill & The Bluenotes",6.01515151515152
"Armenian Jazz Sextet",6.01492537313433
"Polly Bergen",6.01492537313433
"Kitty White",6.01470588235294
"Mahalia Jackson",6.01449275362319
"The Genies",6.01408450704225
"Chico Holiday",6.01351351351351
"Ersel Hickey",6.01333333333333
"Kuf-Lix",6.01315789473684
"Bell Sisters & Phil Harris",6
"Crows",6
"Henry Jerome & His Orchestra",6
"Rosemary Clooney & Marlene Dietrich",6
"Sunny Gale (Eddie Wilcox Orchestra)",6
"Jan Garber & His Orchestra",5.1447391688771
"Jim Backus",5.05
"Frank Sinatra & Dagmar",5.04761904761905
"Lisa Kirk & Fran Warren",5.04545454545455
"Phil Spitalny & His Orchestra (Vocal Hour Of Charm Choir)",5.04347826086957
"Ruby Wright",5.03449125400345
"Chas. McDevitt Skiffle Group",5.025
"Wade Flemons",5.025
"The Betty Smith Group",5.02
"Barry Gordon",5.01923076923077
"Oscar McLollie",5.01639344262295
"The Four Lovers",5.01612903225806
"Muir Mathieson",5.01492537313433
"Ivan",5.01470588235294
"Don Ralke",5.01449275362319
"Patty Andrews",5.01449275362319
"Danny Zella & His Zell Rocks",5.01408450704225
"The Stylers",5.01388888888889
"Billy Scott",5.01369863013699
"Tommy Mara",5.01315789473684
"The Dick Hyman Trio",5.01282051282051
"The Norman Petty Trio",5.01234567901235
"John Fred & The Playboys",5.01219512195122
"Buchanan & Ancell",5.01176470588235
"Doris Day & Johnnie Ray",5
"Hamish Menzies",5
"Hugo Winterhalter & His Orchestra (Henri Rene - accordion)",5
"Jackie Gleason & His Orchestra",5
"Judy Garland",5
"Tommy Dorsey & His Orchestra",5
"Nat King Cole Pete Rugolo & His Orchestra)",4.15277777777778
"Al Morgan",4.11461096374889
"Jerry Byrd & Harmonicats",4.10526315789474
"Danny Kaye",4.08608058608059
"Benny Goodman Sextet",4.07571428571429
"Cliffie Stone",4.07142857142857
"Andrews Sisters (Russ Morgan Orchestra)",4.06666666666667
"Eddie Smith & the Chief",4.0625
"Margaret Whiting & Bob Hope",4.0625
"Joe Ward",4.05
"Rex Allen orch Lew Douglas",4.05
"Gordon Jenkins & His Orchestra (Vocal Cisco Houston)",4.04761904761905
"Ricky Zahnd & The Blue Jeaners",4.04761904761905
"Jeri Southern",4.04456928838951
"Ames Brothers (Les Brown Orchestra)",4.04347826086957
"Sammy Salvo",4.04347826086957
"Augie Rios",4.04255319148936
"Betty Hutton",4.04166666666667
"Gloria Hart",4.03571428571429
"Eddie & Betty",4.03448275862069
"Tiny Hill & His Orchestra",4.03448275862069
"Buddy Greco",4.03333333333333
"David Hill",4.0219806763285
"The Frantics",4.02174169916105
"Micki Marlo",4.01818181818182
"Eddie Albert & Sondra Lee",4.01785714285714
"Roberta Sherwood",4.01754385964912
"Rocky Olson",4.01666666666667
"Johnny Dankworth",4.01639344262295
"The Lane Brothers",4.015625
"Doc Bagby",4.01449275362319
"Jivin' Gene & The Jokers",4.01449275362319
"Denny Vaughn",4.01428571428571
"Doug Franklin",4.01369863013699
"Ray Conniff",4.01369863013699
"Bobby Pedrick, Jr.",4.01351351351351
"Bobby Vee",4.01298701298701
"Pat & The Satellites",4.01234567901235
"Buddy Morrow",4.01219512195122
"Marimba Chiapas",4.01219512195122
"Sonny Spencer",4.01219512195122
"Stan Robinson",4.01204819277108
"Joyce Hahn",4.01190476190476
"Joe Medlin",4.01176470588235
"The Charts",4.01136363636364
"Al Jazzbo Collins",4
"Alan Dean",4
"Bette McLaurin",4
"Drifters",4
"Duke Ellington & His Famous Orchestra",4
"Four Freshmen",4
"Frankie Laine & Four Lads",4
"Gisele MacKenzie & Helen O'Connell",4
"Hank Snow & The Rainbow Ranch Boys",4
"Helene Dixon",4
"Janet Brace",4
"Jeff Chandler",4
"Jenny Barrett",4
"Johnston Brothers",4
"Judy Valentine",4
"Laurie Loman",4
"Midnighters",4
"Modernaires & Paula Kelly",4
"Pat O'Day & The Four Horsemen",4
"Richard Bowers",4
"Spaniels",4
"Stuart Hamblen",4
"Lola Ameche orch Al Trace",3.125
"Roberta Quinlan",3.12424242424242
"Vic Damone & Meadowlarks",3.09090909090909
"Fran Allison orch Jack Fascinato",3.08846153846154
"Benny Goodman & His Orchestra (Vocal Buddy Greco)",3.07692307692308
"Marion Marlowe",3.07142857142857
"Felicia Sanders",3.06896551724138
"Bradford & Romano",3.05882352941176
"Moon Mullican",3.05882352941176
"Lillian Briggs",3.05555555555556
"Lynn Hope Quintet",3.05263157894737
"Harmonicats",3.04761904761905
"Johnny Long & His Orchestra",3.04545454545455
"Les Brown & His Orchestra",3.04545454545455
"Robert Q. Lewis",3.04545454545455
"Andrews Sisters & Carmen Miranda",3.04347826086957
"Edith Piaf",3.04347826086957
"Owen Bradley & His Quintet",3.04347826086957
"Kirby Stone Four",3.04
"Peggy Lee (Dave Barbour Orchestra)",3.03571428571429
"The Kingsmen",3.02857142857143
"Mike Pedicin Quintet",3.02674273489035
"Len Dresslar",3.02516619183286
"Bobby Hamilton",3.025
"Clyde Stacy",3.02480689245395
"Carmen McRae",3.02420289855072
"The Jesters",3.02351351351351
"Mickey Mantle & Teresa Brewer",3.02298850574713
"Richard Barrett",3.02139098604438
"Joe South",3.02127659574468
"The Three G's",3.01818181818182
"Peter Lind Hayes & Mary Healy",3.01754385964912
"The Fidelity's",3.01666666666667
"Cozy Morley",3.01612903225806
"Johnny Janis",3.01587301587302
"Eddie Fontaine",3.015625
"The Spaniels",3.01449275362319
"Frank Pizani",3.01428571428571
"Don French",3.01388888888889
"The Intruders",3.01369863013699
"Graduates",3.01351351351351
"Gene Austin",3.01333333333333
"The Mary Kaye Trio",3.01333333333333
"The Upbeats",3.01333333333333
"Rusty York",3.01298701298701
"Jimmy Edwards",3.01282051282051
"The Eternals",3.01282051282051
"Johnny Restivo",3.0125
"The Jacks",3.01219512195122
"The Four Knights",3.01204819277108
"The Harvey Boys",3.01190476190476
"April Stevens",3.01162790697674
"Billy Leach",3.01162790697674
"Buddy Hackett",3.01149425287356
"Floyd Cramer",3.01149425287356
"Hawkshaw Hawkins",3.01149425287356
"Jacky Noguez & His Orchestra",3.01149425287356
"The 5 Satins",3.01149425287356
"Huelyn Duvall",3.01136363636364
"Tab Smith (His Fabulous Alto & His Band)",3.01123595505618
"Tony Harris",3.01123595505618
"Joe Damiano",3.01098901098901
"Bob Bachelder & His Orchestra",3
"Brucie Weil",3
"Camarata & His Orchestra",3
"Guy Mitchell & Mindy Carson",3
"Hank Thompson & His Brazos Valley Boys",3
"June Christy",3
"Lew Douglas & His Orchestra",3
"Lisa Kirk",3
"Mulcays",3
"Ray Bloch & His Orchestra",3
"Smith Brothers",3
"Super-Sonics",3
"Trudy Richards",3
"Vicki Young",3
"Wally Cox",3
"Walter Schumann Voices",3
"Evelyn Knight",2.09
"Merv Griffin",2.07037037037037
"Bing Crosby & Louis Armstrong",2.05263157894737
"Valerie Carr",2.05263157894737
"Nat King Cole (Ray Charles Sings & Joe Lipman & His Orchestra)",2.05
"Doris Drew",2.04545454545455
"Fran Warren",2.04545454545455
"Ilene Woods",2.04545454545455
"Dottie O'Brien (Jan Garber Orchestra)",2.04347826086957
"Dinah Shore & Tony Martin & Betty Hutton & Phil Harris",2.04166666666667
"Rosemary Clooney & Guy Mitchell",2.04166666666667
"Ziggy Talent",2.04
"Patrice Munsel",2.03703703703704
"Art Mooney & His Orchestra (Vocal Betty Harris)",2.03571428571429
"Boston Pops Orchestra with Arthur Fiedler",2.03571428571429
"Rex Allen orch Harry Geller",2.03571428571429
"Tony Fontane",2.03571428571429
"Jack Pleis & His Orchestra",2.0298773690078
"The Cues",2.02461491996376
"Les Baxter, His Chorus & Orchestra",2.02439024390244
"Paulette Sisters",2.02173913043478
"Bob Kayli",2.02083333333333
"Lonnie Donegan & His Skiffle Group",2.01724137931034
"Lael & Cab Calloway",2.01612903225806
"Teddy Randazzo",2.01515151515152
"The Honeycones",2.01449275362319
"Lola Dee",2.01388888888889
"Warren Smith",2.01388888888889
"The Kendall Sisters",2.01369863013699
"Warren Storm",2.01234567901235
"Jimmy Beck & His Orchestra",2.01219512195122
"Cyclones",2.01204819277108
"The Redjacks",2.01190476190476
"Crest's",2.01162790697674
"The Silva-Tones",2.01162790697674
"Jimmy Barnes",2.01111111111111
"Jack Pleis",2.01098901098901
"Ralph DeMarco",2.01098901098901
"Spencer & Spencer",2.01098901098901
"The Schoolboys",2.01098901098901
"The Tradewinds",2.01098901098901
"Bing Crosby & Frank Sinatra",2.01086956521739
"The Miracles",2.01075268817204
"Marie & Rex",2.01063829787234
"Jackie Lee",2.01052631578947
"The Easy Riders",2.01041666666667
"Bing Crosby & Carol Richards",2
"Bing Crosby & Peggy Lee",2
"Bob Eberly",2
"Bobby Maxwell & His Swinging Harps",2
"Clark Dennis",2
"Connee Boswell (Artie Shaw Orchestra)",2
"Count Basie & His Orchestra",2
"Danny Winchell",2
"David Rose",2
"Davis Sisters",2
"Dinah Shore & Russell Nype",2
"Doris Day & Donald O'Connor",2
"Ellen Sutton",2
"Ernest Tubb",2
"Faye Adams",2
"Five Keys",2
"Gayla Peevey",2
"Guitar Slim",2
"Helen Grayco",2
"Lola Dee with Stubby & the Buccaneers",2
"Marian Caruso",2
"Matys Brothers",2
"Molly Bee",2
"Peggy Lee (Victor Young Orch)",2
"Rosemary & Betty Clooney",2
"Rosemary Clooney & Gene Autry",2
"Rosemary Clooney (Harry James Orchestra)",2
"Sandy Solo",2
"Sonny Howard",2
"Spike Jones",2
"Tennessee Ernie Ford & Betty Hutton",2
"William Kapell",2
"Wright Brothers",2
"Eddie Barclay",1.05555555555556
"Eileen Wilson",1.05263157894737
"Lena Horne",1.05263157894737
"Bob Crosby & His Orchestra",1.04545454545455
"Emil Dewan Quintones",1.04545454545455
"Frankie Vaughan",1.04545454545455
"Martha Tilton",1.04347826086957
"Ray Barber",1.04347826086957
"Anita O'Day",1.04166666666667
"Fontane Sisters & Texas Jim Robertson",1.04166666666667
"Georgia Gibbs (Bob Crosby Orchestra)",1.04
"Jubilaires",1.04
"Merv Griffin w Hugo Winterhalter & His Orchestra",1.04
"Alexander Brothers",1.03846153846154
"Dave Barbour",1.03703703703704
"Eddie Cantor & Lisa Kirk",1.03703703703704
"Frank DeVol & His Orchestra",1.03571428571429
"Johnny Hodges & His Orchestra",1.03571428571429
"Roy Ross & His Orchestra",1.03571428571429
"Danny Kaye & Jimmy Durante & Groucho Marx & Jane Wyman",1.03448275862069
"Lefty Frizzell",1.03448275862069
"Belltones",1.03333333333333
"Dick Haymes & Ethel Merman",1.03333333333333
"Jerry Lester",1.03333333333333
"Ken Carson",1.03333333333333
"The Laurie Sisters",1.03333333333333
"The Cliques",1.02222222222222
"The Lassies",1.01515151515152
"Lionel Newman",1.01388888888889
"Judy Scott",1.01315789473684
"The Royal Jokers",1.01298701298701
"Gus Jinkins",1.0126582278481
"The Robins",1.0126582278481
"The Quarter Notes",1.01219512195122
"B.B. Blues Boy King",1.01176470588235
"Audrey",1.01149425287356
"The Four Dates",1.01149425287356
"Rita Raines",1.01123595505618
"The Three Playmates",1.01123595505618
"Kay Armen",1.01098901098901
"The Loreleis",1.01098901098901
"Bubber Johnson",1.01086956521739
"Chuck Alaimo Quartet",1.01086956521739
"Scott Garrett",1.01086956521739
"Jimmy Heap",1.01075268817204
"Mike Preston",1.01075268817204
"The Hi-Fi Four",1.01075268817204
"Buddy Johnson & His Orchestra",1.01063829787234
"Crash Craddock",1.01063829787234
"B.B. King",1.01052631578947
"Bob Corley",1.01052631578947
"Diane Maxwell",1.01052631578947
"The Chargers",1.01052631578947
"Dean Reed",1.01041666666667
"Lord Rockingham's XI",1.01041666666667
"The Kalin Twins",1.01030927835052
"The Modernaires",1.01030927835052
"Leslie Uggams",1.01020408163265
"The 5 Chanels",1.01020408163265
"Lee & Paul",1.01
"The Swallows",1.01
"Art Carney",1
"Benny Goodman & His Orchestra (Vocal Helen Ward)",1
"Bernie Wayne",1
"Chris Martin",1
"Commanders",1
"Connie Russell",1
"Damita Jo",1
"Dimitri Tiomkin & His Orchestra",1
"Dorsey Brothers Orchestra",1
"Erroll Garner Trio",1
"Esquire Boys",1
"Eugenie Baird",1
"Four Coins",1
"Frances Faye",1
"Fred Astaire & Jane Powell",1
"Fred Waring's Pennsylvanians",1
"Harptones",1
"Harry Kari & His Six Saki Sippers",1
"Helen Ward",1
"Herbie Fields & His Orchestra",1
"Hi-Los",1
"Jack Richards & The Marksmen",1
"Jane Russell & Connie Haines & Beryl Davis & Della Russell",1
"Jo Ann Tolley",1
"Jo Stafford & Liberace",1
"Joe Foley",1
"Joe Liggins",1
"John Lee Hooker",1
"Johnny Desmond & Alan Dale & Buddy Greco",1
"Johnny Desmond & Eileen Barton & McGuire Sisters",1
"Johnny Mercer",1
"Judy Tremaine",1
"June Hutton & Axel Stordahl",1
"Ken Remo",1
"King Cole Trio",1
"Leon Berry",1
"Les Brown & His Orchestra & Modernaires",1
"Leslie Caron & Mel Ferrer",1
"Lily Ann Carol",1
"Louis Armstrong (Jack Pleiss Orch)",1
"Louis Prima",1
"Lu Ann Simms",1
"Marilyn Monroe",1
"Mary Kaye Trio",1
"Mitchell Torok & Louisiana Hayride Band",1
"Pat Terry",1
"Paul Whiteman & His Orchestra",1
"Percy Mayfield",1
"Red Saunders & His Orchestra",1
"Rita Hayworth & Jose Ferrer",1
"Roger Coleman",1
"Rosemary Clooney & Jimmy Boyd",1
"Rusty Bryant & The Carolyn Club Band",1
"Ruth Wallis",1
"Sandy Stewart",1
"Skylarks",1
"Sonny Curtis",1
"Ted Straeter & His Orchestra",1
"Teddy Phillips & His Orchestra",1
"Tommy Prisco",1
"Vince Wayne",1
