"Artist","sum"
"The Beatles",738.518202776222
"Elvis Presley",695.848753899908
"Brenda Lee",465.954932286531
"Ray Charles",461.836755069007
"Connie Francis",402.232649551192
"The Beach Boys",396.954033062089
"Marvin Gaye",383.282092503204
"James Brown",379.039633407949
"Chubby Checker",351.769442745641
"Bobby Vinton",330.509969688311
"Roy Orbison",316.367878470813
"Jackie Wilson",311.644953144696
"Dionne Warwick",301.303818265931
"The Rolling Stones",294.508910993977
"Sam Cooke",280.83914434408
"Bobby Vee",279.990490855592
"Brook Benton",271.742791021342
"Bobby Darin",268.084253506154
"The Temptations",266.262983047864
"The Supremes",263.033834853909
"Aretha Franklin",259.864828794328
"The Impressions",244.691547044875
"The Drifters",243.519466054721
"Herman's Hermits",239.42388040011
"Bobby Rydell",235.204907067478
"The Everly Brothers",232.369542285918
"Andy Williams",232.359808448559
"Gene Pitney",230.964875534199
"Johnny Tillotson",227.529631334539
"The Marvelettes",225.988792033193
"The Shirelles",223.23483162205
"Fats Domino",216.629454370146
"Jerry Butler",213.944446967812
"Frank Sinatra",207.427137921891
"The Miracles",206.14063906417
"Four Tops",205.466896393823
"Dion",204.475223110987
"The Four Seasons",202.700053349428
"Paul Anka",202.540899622358
"Wilson Pickett",201.557801092354
"Tommy James & The Shondells",199.366991759261
"Johnny Rivers",198.319506196497
"The Monkees",194.703096342208
"Petula Clark",191.987582900061
"Stevie Wonder",191.198774846006
"Al Martino",190.81106822526
"Jan & Dean",189.802332416392
"Neil Sedaka",189.632589627331
"Otis Redding",189.556029166781
"Mary Wells",185.802518989417
"Gary Lewis & The Playboys",179.118710213355
"Lesley Gore",178.272286796177
"Etta James",176.73212699689
"Rick Nelson",175.48464996758
"Dean Martin",175.215886762891
"Bobby Goldsboro",174.943172466992
"Tom Jones",172.134355718997
"Peter, Paul & Mary",170.288616892279
"Nancy Sinatra",169.748683706905
"Bobby Bland",168.635524753806
"Joe Tex",165.067300254862
"Paul Revere & The Raiders",160.951200891765
"The 4 Seasons",160.723383192004
"The Righteous Brothers",158.360024737951
"Tommy Roe",158.308175643104
"The Turtles",157.891680681274
"Solomon Burke",154.589880719157
"The Mamas & The Papas",152.587300013789
"Diana Ross & The Supremes",151.446660296744
"The 5th Dimension",151.445789229927
"Pat Boone",150.909294889874
"Dave Clark Five",150.908692657609
"Dusty Springfield",150.830372187923
"Marty Robbins",147.520226228348
"Donovan",147.122480009175
"Glen Campbell",147.029406761643
"Neil Diamond",146.469642659862
"Del Shannon",146.179468641358
"Nat King Cole",146.025736394009
"The Lovin' Spoonful",145.751118929313
"Brian Hyland",144.752481552588
"Ronnie Dove",144.004683594359
"Roger Miller",140.864615758753
"The Lettermen",139.725843811366
"Jay & The Americans",139.173299303978
"Jack Jones",138.652357661075
"Tony Bennett",134.446264267125
"Simon & Garfunkel",132.413235243018
"The Association",132.006141959139
"Bill Black's Combo",130.47152244016
"Ben E. King",128.470793676296
"Johnny Cash",127.871448203767
"Peter & Gordon",127.526066267446
"Creedence Clearwater Revival",127.505036917106
"The Hollies",126.859423809301
"Duane Eddy",126.609426945779
"Chuck Jackson",126.517729238273
"Steve Lawrence",125.708892324924
"The Vogues",122.800128561983
"The Ventures",122.231091362758
"Freddy Cannon",120.785557546849
"Jr. Walker & The All Stars",120.386877320367
"Jim Reeves",119.025511239032
"Johnny Mathis",118.328611106347
"Sonny & Cher",118.124807262561
"The Doors",117.600709314995
"Martha & The Vandellas",116.809554141082
"The Byrds",116.45882018648
"Dinah Washington",116.007488779732
"Patti Page",115.9172020238
"Gene Chandler",115.409260912905
"Young Rascals",114.736649364847
"The Platters",114.119514445943
"Herb Alpert And The Tijuana Brass",113.604787961793
"The Kinks",110.892133666257
"Smokey Robinson",109.634865489406
"The Box Tops",109.555951496507
"Hank Ballard & The Midnighters",108.385825666801
"Sam & Dave",107.856973160534
"Gladys Knight & The Pips",105.351228503419
"Bob Dylan",104.80107007059
"The Searchers",104.480541087706
"Linda Scott",103.778329442842
"The Dells",102.103580981057
"Bert Kaempfert & His Orchestra",101.306417562271
"Carla Thomas",100.134012724331
"Percy Sledge",99.0375366970132
"Gerry & The Pacemakers",98.7865158317898
"The Orlons",97.9304277411185
"Vic Dana",97.155808323774
"Major Lance",96.9394598483427
"The Animals",96.7741447046989
"Eddy Arnold",96.6374107057872
"Ferrante & Teicher",95.5159130744162
"Floyd Cramer",94.9641488700278
"Dee Dee Sharp",94.74762501612
"The Shangri-Las",94.4491987145903
"Little Anthony & The Imperials",93.5292414857942
"Sam the Sham & The Pharaohs",93.3138161588664
"Lou Christie",92.4481929965816
"The Isley Brothers",91.8865231892559
"The Chiffons",91.4457877570743
"Jimmy Dean",91.3640717991603
"The Cowsills",91.1178698878699
"The Kingsmen",90.9154516815659
"Barbara Lewis",90.7394934113067
"Mitch Ryder",90.4580999435678
"The Dave Clark Five",89.7933267989872
"B.J. Thomas",89.3041878000513
"The Kingston Trio",89.2098611681974
"Trini Lopez",88.9273920403008
"Adam Wade",88.4286081947023
"Ray Stevens",87.7515709033406
"Ricky Nelson",87.0472173558227
"The Buckinghams",86.7507346739696
"Booker T. & The MG's",86.6562303183785
"The Dovells",85.7166593886495
"Gene McDaniels",85.2253640065132
"The Yardbirds",84.9191833493304
"The Crystals",84.3573984331748
"Sue Thompson",83.7225958384217
"Frankie Avalon",83.3245374951354
"Patsy Cline",83.2050996263301
"Lawrence Welk",82.5024333938397
"Engelbert Humperdinck",80.9551736869054
"Peaches & Herb",80.2685647405874
"The Tokens",79.5657019601298
"The Happenings",79.2584843159849
"King Curtis",78.3155977615347
"Billy Vaughn & His Orchestra",78.2702264018699
"Betty Everett",77.8996819357113
"Eric Burdon & The Animals",77.8961924776773
"Joe Simon",77.4750909401823
"The Olympics",77.2482223867646
"Lee Dorsey",76.5431375999623
"Jack Scott",75.4998563726121
"Maxine Brown",75.3889114457257
"Sergio Mendes & Brasil '66",74.9108097517091
"The Rascals",74.6483007733008
"B.B. King",74.2790623998282
"Jimmie Rodgers",74.2641175707087
"Jackie DeShannon",73.8450722848534
"Marv Johnson",73.5479086862072
"Skeeter Davis",72.852202748325
"Chris Montez",72.4337923831455
"Johnny Preston",72.4181878026674
"Dick & DeeDee",72.3401384147248
"The Who",72.2317212939858
"Roger Williams",72.2012949576126
"Billy Stewart",71.4945183798582
"Timi Yuro",70.9997172344283
"Dee Clark",70.6309280862677
"Lou Rawls",70.4934223158993
"Jimmy Clanton",70.3630100540925
"Clarence Carter",70.284674620444
"Ike & Tina Turner",70.2577537224857
"The Bachelors",70.2152276121343
"Barbra Streisand",70.2142053105706
"Garnet Mimms",69.7222314494813
"Anita Bryant",69.6853598434664
"Ray Peterson",69.3604393166825
"Sammy Davis Jr.",69.3221085468858
"Perry Como",69.2823163281192
"Classics IV",69.1719298245614
"James Darren",68.9431115523293
"Archie Bell & The Drells",68.5755113753112
"The Grass Roots",68.4956428188386
"Ruby & The Romantics",67.8435883496581
"Ohio Express",67.7199531458996
"Three Dog Night",67.5226695718075
"The Ronettes",67.3843697947406
"The McCoys",67.1495403870122
"The Delfonics",66.4857073109848
"Wayne Newton",66.2948784685741
"The Intruders",66.0766249575733
"The Angels",65.6270010391833
"Clyde McPhatter",65.3225385061798
"The Fleetwoods",65.146553657695
"Johnny Crawford",65.0501892505512
"Steppenwolf",65.0078419208875
"O.C. Smith",64.3904557825709
"Little Willie John",64.2193367729806
"Sly & the Family Stone",64.190629984051
"Manfred Mann",63.123866870184
"Shirley Ellis",63.0326298908388
"The Contours",62.9218360844071
"Billy Joe Royal",62.8127182758762
"Burl Ives",62.6847786193034
"James & Bobby Purify",62.4853899900123
"Nancy Wilson",62.311583322577
"Jimmy Smith",62.2464560144862
"Chuck Berry",62.2273936591985
"The Coasters",62.1915430782798
"Johnny Horton",62.0043276972625
"Spanky & Our Gang",61.7248889327104
"Mel Carter",61.5918550716201
"Conway Twitty",61.3418371311228
"The Zombies",61.3119088413099
"The Tymes",60.8826264632901
"Lloyd Price",60.2678042347637
"Eddie Floyd",60.2584000472913
"Frankie Laine",60.254650726508
"Cher",59.8802873115466
"Lenny Welch",59.7387907856181
"The Brothers Four",59.6189500791674
"The Highwaymen",59.4985094358256
"Jefferson Airplane",59.2740790751988
"Connie Stevens",58.3254390147548
"Johnny Burnette",58.2889288421743
"The Bee Gees",58.2049896439989
"The Newbeats",58.0350362318841
"Richard Chamberlain",58.0084575642611
"Blood, Sweat & Tears",57.8846153846154
"Frankie Valli",57.6835526429847
"Arthur Conley",57.4327131574894
"Henry Mancini & His Orchestra",57.2424165756977
"Annette",57.1243840201112
"The Fireballs",56.9986612869177
"The Seekers",56.9933750460066
"Andy Kim",56.9777814351547
"The Five Stairsteps",56.2010038308256
"The Dixie Cups",55.6965309200603
"Dickey Lee",55.6474521315375
"Chad & Jeremy",55.4098842484608
"Lulu",55.3738830074846
"Paul & Paula",55.2333573833574
"Barbara Lynn",55.0534728456818
"The Duprees",54.8875518313721
"The Royal Guardsmen",54.855234784785
"Paul Petersen",54.783263271648
"Gary Puckett",54.6909978909979
"Sandy Nelson",54.1436717363675
"Ral Donner",53.7306750069908
"The Five Americans",53.5285256410256
"Jimmy Reed",53.1502149297697
"Vikki Carr",52.7693871198711
"The Archies",52.5188679245283
"Jimmy Jones",52.1904795653201
"Nino Tempo & April Stevens",51.9577824468813
"Martha & the Vandellas",51.8549783549784
"Bobby Bare",51.1726771648025
"The Troggs",51.0983229881586
"The Guess Who",50.8835497835498
"Sandy Posey",50.532030253326
"Bobby Lewis",50.3516935100786
"Freddie Scott",50.0568538718238
"The Foundations",49.6527186118412
"Little Eva",49.6125
"Freddie & The Dreamers",49.6063311688312
"Willie Mitchell",49.2870756716036
"Johnnie Taylor",49.2649868719418
"Jose Feliciano",49.2332517837045
"The Surfaris",48.9740371955234
"Ed Ames",48.6181728556681
"Ramsey Lewis",48.2539108677589
"Gary (U.S.) Bonds",47.9060956354435
"Little Peggy March",47.8134458743011
"Jimmy Ruffin",47.7743605279102
"Brooklyn Bridge",47.6260691957943
"Oliver",47.3106227106227
"The Belmonts",47.225742280962
"The Four Preps",47.2159880881735
"Jay & The Techniques",46.4028294009912
"Len Barry",46.3617506831793
"Jerry Wallace",46.327045594867
"Ronny & The Daytonas",46.0002477393782
"Fontella Bass",45.9996477396477
"Louis Armstrong",45.973861632195
"The Beau Brummels",45.8352418019672
"Percy Faith",45.7428571428571
"The Tams",45.7056796689221
"Edwin Starr",45.4359335839599
"Ramsey Lewis Trio",45.1964596705976
"The New Colony Six",45.1414633726929
"The Outsiders",44.6079794079794
"The Friends Of Distinction",44.6075396825397
"Barbara Mason",44.5992369720521
"Brenda Holloway",44.2946265328874
"Union Gap",44.2892156862745
"Shelley Fabares",44.0832470669427
"Strawberry Alarm Clock",43.8104903776585
"The Marcels",43.720538082607
"The Cookies",43.6964220420103
"Mark Dinning",43.5945118788256
"The Tremeloes",43.3721833721834
"The Crests",43.2175837742504
"The American Breed",42.6062520812521
"Eydie Gorme",42.5655642814993
"Wanda Jackson",42.1276929638999
"LaVern Baker",42.126524748627
"Rufus Thomas",41.6929350850204
"Joey Dee & The Starliters",41.6468468468468
"Martha Reeves & The Vandellas",41.4809942745427
"The Marketts",41.3876867413632
"Al Hirt",41.2811264629032
"Mama Cass",41.2643335048894
"The Grassroots",41.2515306122449
"The Cyrkle",41.24742357578
"Dyke & The Blazers",41.0866591948681
"The Viscounts",41.07005392981
"Hugh Masekela",40.9401195049082
"The Rip Chords",40.8985310033104
"The Jive Five",40.828146488987
"Bee Gees",40.4967351046118
"Tommy Boyce & Bobby Hart",40.3952348315556
"Sir Douglas Quintet",40.3044845497236
"Buck Owens",40.210563085774
"The New Christy Minstrels",40.2095723570802
"Vanilla Fudge",40.1936089143909
"The Flamingos",40.1562692584135
"? & The Mysterians",40.1189703153989
"The Cascades",40.0366272785545
"Billy J. Kramer with the Dakotas",39.4520358868185
"The Exciters",39.4171215743033
"Mr. Acker Bilk",39.278900968842
"Eddie Hodges",39.2156010656011
"Don Gibson",39.133692535843
"Don Costa",39.1267056530214
"The Moody Blues",38.959056511593
"The Youngbloods",38.3765362720771
"Brenton Wood",38.291146761735
"Alvin Cash",38.2088794873299
"Marianne Faithfull",38.1680687056389
"The O'Jays",38.1157182406563
"Dale & Grace",38.0292735042735
"Inez Foxx",37.8623933154008
"Spencer Davis Group",37.8621100897361
"Little Stevie Wonder",37.7162004662005
"Bobby Freeman",37.6406439344642
"The Rooftop Singers",37.4527972027972
"Joe Dowell",37.4384782608696
"The Fantastic Johnny C",37.4353367783895
"Bruce Channel",37.3962263614752
"1910 Fruitgum Company",37.3366750208855
"Brenda & The Tabulations",37.2018744894025
"Henry Mancini, His Orchestra & Chorus",37.1153903567697
"Claude King",36.7118142201884
"Roy Head",36.6343365333497
"The Toys",36.6054007567939
"Keith",36.4938977090876
"The String-A-Longs",36.4690476190476
"Ray Charles Singers",36.3905204149933
"The Paris Sisters",36.2813067932743
"Damita Jo",36.1715329768271
"Frank Gari",36.1138486312399
"Walter Brennan",35.9060127591707
"Herb Alpert",35.8048552754435
"Ernie K-Doe",35.7718319095805
"The Buffalo Springfield",35.7041427473964
"Georgie Fame",35.6539518900344
"The Essex",35.5691391941392
"Dion & The Belmonts",35.5179824561404
"Bobbie Gentry",35.5026354926355
"Gary U.S. Bonds",35.4444444444444
"Harpers Bizarre",35.3701917528111
"Dino, Desi & Billy",35.1470990692692
"The Raindrops",35.1409020839228
"Baby Washington",35.0987303741647
"Frank Ifield",35.0904167954435
"Kathy Young",35.0850490196078
"Paul Mauriat & His Orchestra",34.6055555555556
"Jimmy Soul",34.3766233766234
"The Browns",34.2597522953029
"The Standells",34.2364130271107
"Donnie Brooks",34.1862263184844
"Bill Deal & The Rhondels",34.1646983877163
"The Critters",34.1502654208537
"Cream",34.1134604978355
"Gloria Lynne",34.1125161648623
"Jimmy Gilmer",33.685534591195
"Chad Stuart & Jeremy Clyde",33.4957983193277
"Shep & The Limelites",33.4195288423561
"Ace Cannon",33.1980499099921
"Jimi Hendrix",33.1893156170368
"Della Reese",33.1584638199949
"Little Milton",33.1445682815327
"Dickie Goodman",33.1308650413914
"Patti LaBelle",33.0955385238789
"Jr. Walker & the All Stars",33.0625
"Dion Di Muci",32.8918053777209
"Johnny Nash",32.7619383490073
"Allan Sherman",32.552153234175
"Soul Survivors",32.3400178253119
"Peggy Scott & Jo Jo Benson",32.1779629091457
"Johnny & The Hurricanes",32.1370928629829
"Tommy Edwards",32.111874886343
"Lonnie Mack",32.1113937138131
"Dorsey Burnette",32.0941623404716
"Charlie Rich",32.0930735930736
"Patty Duke",32.0513392857143
"S/Sgt. Barry Sadler (U.S. Army Special Forces)",31.9945054945055
"Paul Evans",31.8891313932981
"Stan Getz",31.8666666666667
"The Lemon Pipers",31.4455702013247
"Sonny James",31.1388020284577
"Judy Collins",31.1043880256901
"Eddie Holland",31.0994925052094
"Tammy Wynette",31.0941836071661
"Blues Magoos",31.0286099311921
"Jeanne Black",30.993674284372
"Jeannie C. Riley",30.9724275724276
"The Shadows Of Knight",30.9578860752774
"Jimmy Charles",30.754609929078
"Hugo Montenegro",30.7062084257206
"Ray Conniff",30.6608011317223
"Gale Garnett",30.2979302832244
"Mar-Keys",30.2878721127466
"The Sweet Inspirations",30.2355744813521
"Billy Bland",30.1755955628296
"Jody Miller",30.1570033670034
"James Carr",30.108654070813
"Every Mothers' Son",30.0863867461431
"Fantastic Four",30.0813237416179
"Crispian St. Peters",29.9897660818713
"Chris Kenner",29.6306340718105
"Mary Hopkin",29.5769230769231
"The Chambers Brothers",29.5423868318054
"Barbara George",29.5233838672769
"Richard Harris",29.4089018620269
"Barry McGuire",29.3936542847833
"The Gentrys",29.3728971028971
"Cannonball Adderley",29.2487572011461
"Bettye Swann",29.2253394680732
"The Arbors",29.1710902119512
"The Castells",29.1688121402407
"Jimmy McGriff",29.1473056915161
"Danny & The Juniors",29.1118642944307
"David Houston",29.0978800733777
"Teresa Brewer",29.0847326169907
"Earl Grant",29.0769696969697
"Bobby Hebb",29.0375457875458
"The Tornadoes",29.015873015873
"Merrilee Rush",28.9675454458932
"The Sensations",28.7407407407407
"Kyu Sakamoto",28.7315270935961
"The New Vaudeville Band",28.6805555555556
"Leroy Van Dyke",28.6285714285714
"The Left Banke",28.4204604918891
"The Esquires",28.3746253746254
"Terry Stafford",28.3733333333333
"David Seville",28.2510711636201
"Irma Thomas",28.1821856947907
"The Cream",28.1230769230769
"Don Covay",28.0852505913331
"Cliff Nobles",27.8258787385922
"Bent Fabric & his Piano",27.8253968253968
"Kenny Rogers",27.7179487179487
"Booker T. & The M.G.'s",27.6794163044163
"The Music Explosion",27.640873015873
"Joanie Sommers",27.6005853878194
"The Village Stompers",27.5350006363752
"The Irish Rovers",27.5271794871795
"Hayley Mills",27.4404761904762
"Bill Anderson",27.4051038795845
"We Five",27.3655913978495
"Bob Lind",27.2927884615385
"Joe South",27.2373580740118
"The Capitols",27.1852687852688
"Canned Heat",27.1832598371777
"The Strangeloves",27.1598834498835
"The Ikettes",27.1217006480164
"The Chimes",27.1172248803828
"Joey Dee & the Starliters",27.1111111111111
"George Maharis",27.0967638753123
"Bobbi Martin",27.0886564236679
"Cliff Richard",27.0872006176775
"Bobby (Boris) Pickett",27.0333333333333
"Jorgen Ingmann & His Guitar",26.9596949891068
"Maurice Williams & The Zodiacs",26.8014538775256
"The Serendipity Singers",26.6857142857143
"Sly & The Family Stone",26.6488159961339
"Deep Purple",26.6166832174777
"The 1910 Fruitgum Company",26.2731808731809
"Matt Monro",26.2210144927536
"Gene & Debbe",26.2139824590805
"Clarence Henry",26.2128225393028
"Johnny Maestro",26.1478468899522
"The Vibrations",26.1317129465517
"Eddie Harris",26.1227272727273
"J.J. Jackson",26.1139953754412
"Gladys Knight & the Pips",26.1130414712702
"The Cryan' Shames",26.0893327027781
"Dean And Jean",26.0817994505495
"The Champs",26.0787436217849
"Arthur Alexander",26.07361392833
"The Hondells",25.9944002357795
"Zager & Evans",25.9230769230769
"First Edition",25.4526315789474
"Ketty Lester",25.4130580201236
"Marcie Blane",25.3455284552846
"1910 Fruitgum Co.",25.3032388663968
"Deon Jackson",25.2385614385614
"Them",25.1384735588507
"Don Gardner & Dee Dee Ford",25.1284848484848
"Booker T. & The M.G.s",25.0955284552846
"The Meters",25.0892834681984
"Dee Dee Warwick",25.0745839717993
"Jo Ann Campbell",25.0689982415946
"Carl Dobkins Jr.",25.0561290322581
"Charlie Ryan & The Timberline Riders",25.0541125541126
"Freddie Cannon",25.0120481927711
"Troy Shondell",24.8059078602557
"Ned Miller",24.6794871794872
"Wayne Fontana",24.5676767676768
"Diane Renay",24.5344827586207
"The Trashmen",24.4128205128205
"The O'Kaysions",24.3845864661654
"Mason Williams",24.3277597402597
"The Rivieras",24.2635284294558
"Scott McKenzie",24.25
"Aaron Neville",24.2360248447205
"The Walker Brothers",24.2322191697192
"Barbara Acklin",24.1609169343158
"Mills Brothers",24.1384501675553
"Iron Butterfly",24.1331617647059
"Safaris",24.1228758169935
"Otis & Carla",24.1217948717949
"Jimmy Hughes",24.1160884866767
"The Seeds",24.1159639503372
"Steve Alaimo",24.0926908562212
"Robert Goulet",24.0909773343665
"The Honeycombs",24.0878205128205
"Pozo-Seco Singers",24.0841221059793
"Darlene Love",24.0829704886309
"The Pixies Three",24.0785038764524
"James Ray",24.069844789357
"Lou Johnson",24.0678199818636
"Bobby Womack",24.0532392713563
"Los Bravos",24.0502046972635
"Jewel Akens",23.9670868347339
"The Singing Nun",23.9230769230769
"Rolf Harris",23.9057076372003
"The Mindbenders",23.8643356643357
"Millie Small",23.7166666666667
"Mercy",23.6280428432327
"Hank Locklin",23.4886363636364
"Lolita",23.4328605200946
"Duke Of Earl (Gene Chandler)",23.3333333333333
"David Rose & His Orchestra",23.2941176470588
"Procol Harum",23.2627450980392
"The Capris",23.2249602793081
"The Hesitations",23.1424728487886
"Big Brother & the Holding Company",23.1423034330011
"The Chantels",23.1188983430363
"Tony Orlando",23.1166979362101
"Bobby Edwards",23.1049935979513
"The Peppermint Rainbow",23.099537037037
"Bar-Kays",23.0939594461266
"Johnny Cymbal",23.0927283922974
"The Knickerbockers",23.0823774283071
"The Human Beinz",23.0541666666667
"Bo Diddley",23.0455303030303
"Bill Cosby",23.0384087743243
"John Fred & His Playboy Band",23
"Steam",23
"The T-Bones",22.964846980976
"J. Frank Wilson & The Cavaliers",22.8450980392157
"Henry Mancini, His Orchestra And Chorus",22.7253968253968
"Rosie",22.5997668997669
"Tyrone Davis",22.5665158371041
"Larry Verne",22.3979487179487
"Small Faces",22.201198630137
"The Sunshine Company",22.129126984127
"The Electric Prunes",22.1279461279461
"Shades Of Blue",22.1228632478633
"Spiral Starecase",22.1217948717949
"Peggy Lee",22.1201802975997
"The Watts 103rd Street Rhythm Band",22.1058344640434
"The McGuire Sisters",22.0974604510949
"Jerry Vale",22.0914555501249
"Curtis Lee",22.0866741953698
"Sarah Vaughan",22.0639526346002
"Ella Fitzgerald",22.0635282651072
"The Radiants",22.0553027364792
"Buster Brown",22.048762478587
"The Dixiebelles",21.9470085470085
"Lorne Greene",21.8611111111111
"The G-Clefs",21.7484567901235
"The Winstons",21.469067969068
"Ian Whitcomb",21.4596414602347
"Hollywood Argyles",21.3333333333333
"Young-Holt Unlimited",21.2145748987854
"Derek",21.1987673343606
"Mike Clifford",21.1917892156863
"Faron Young",21.1899508144939
"Slim Harpo",21.1544117647059
"Al Wilson",21.1305914870094
"Billy Vera",21.0928079242033
"B. Bumble & the Stingers",21.0910973084886
"The Unifics",21.0780870561283
"The Bobbettes",21.0780282582914
"Freddy King",21.0778756789011
"Linda Jones",21.074765178414
"The Moments",21.0731081572276
"John D. Loudermilk",21.0723814382927
"The Innocents",21.0714285714286
"Theola Kilgore",21.0642857142857
"Kim Weston",21.0593217893218
"Debbie Reynolds",21.0581818181818
"The Elgins",21.0556280193237
"Patti Drew",21.0547754585705
"Herb Alpert's Tijuana Brass",21.049874267889
"Love",21.0495337995338
"The Fendermen",20.9777777777778
"The Jelly Beans",20.9084967320261
"Nilsson",20.8921568627451
"Ron Holden",20.7218045112782
"The Reflections",20.6952651515152
"Kenny Ball & His Jazzmen",20.5113636363636
"The Caravelles",20.4315330060011
"Randy & The Rainbows",20.3867798665858
"Rene & Rene",20.2607973421927
"The Casinos",20.2589743589744
"Glenn Yarbrough",20.1851851851852
"R.B. Greaves",20.1666666666667
"Robert Parker",20.1549053356282
"The Majors",20.1347033154262
"Crosby, Stills & Nash",20.1309523809524
"The Parliaments",20.1125
"Oscar Toney Jr.",20.1064112343289
"The Status Quo",20.097619047619
"Janie Grant",20.0958123640882
"Ann-Margret",20.091637208064
"The Mojo Men",20.0839971909496
"The Music Machine",20.0818181818182
"Bobby Taylor & The Vancouvers",20.0788455037187
"Bill Medley",20.0754487964096
"The Routers",20.0726315789474
"Walter Jackson",20.0705161397814
"Ben Colder",20.0696109774465
"Santo & Johnny",20.0695939870201
"The Sunrays",20.0655034633838
"Steve & Eydie",20.0642857142857
"Isaac Hayes",20.0603603603604
"Darrell Banks",20.0552188552189
"The Larks",20.0179964962574
"Johnny Thunder",20.017540140208
"Tony Joe White",20.0037878787879
"Al (He's the King) Hirt",20
"The Sandpipers",19.9626262626263
"Chantay's",19.625
"Little Caesar & The Romans",19.5669515669516
"Danny Williams",19.5515873015873
"Joe Jones",19.4214923653126
"Clarence Frogman Henry",19.375
"Don & Juan",19.3736263736264
"Syndicate Of Sound",19.2681818181818
"Dante & The Evergreens",19.1470319634703
"The Wonder Who?",19.1277161629859
"Ferlin Husky",19.0939716312057
"Boots Randolph",19.091635246474
"Bobby Fuller Four",19.0788655788656
"Betty Harris",19.0782436276905
"Billy Strange",19.0699059561129
"Shelby Flint",19.0618479880775
"Howard Tate",19.057114178481
"Sandie Shaw",19.0533495713908
"Bobby Sherman",19.0512820512821
"Harold Dorman",19.047619047619
"The Dukays",19.044948630137
"Los Indios Tabajaras",19.0360046457607
"The Murmaids",18.952380952381
"The Rebels",18.8897058823529
"The Crazy World Of Arthur Brown",18.8846153846154
"Shorty Long",18.8759153389566
"Sounds Orchestral",18.8274436090226
"Friend & Lover",18.4544850498339
"Jay & the Americans",18.3333333333333
"Smith",18.2666666666667
"Robert Maxwell",18.23125
"Herb Alpert & The Tijuana Brass",18.1779856779857
"The Clique",18.1353535353535
"Dobie Gray",18.1278866061475
"Ray Smith",18.1128871128871
"Roy Clark",18.0970760233918
"Jerry Lee Lewis",18.0965266337568
"Eddie Fisher",18.0877902738727
"Swingin' Medallions",18.0869925434963
"The Rocky Fellers",18.0806818181818
"William Bell",18.0770569835441
"Baja Marimba Band",18.0746584280992
"The Demensions",18.0730263157895
"People",18.0714285714286
"Johnny Bond",18.061717352415
"Joe Cocker",18.0581841432225
"The Skyliners",18.0555555555556
"Dave Brubeck Quartet",18.0535135135135
"Vince Guaraldi Trio",18.0454545454545
"Julie Rogers",18.0331071913161
"The Jaynetts",18
"Joe Henderson",17.9824851447192
"The Dreamlovers",17.9494623655914
"Kai Winding & Orchestra",17.7916666666667
"Pips",17.7820512820513
"Paul Revere & the Raiders",17.5
"David Ruffin",17.2394636015326
"Claudine Clark",17.2
"Bob Kuban & The In-Men",17.1917050691244
"The Regents",17.1895604395604
"Jan Bradley",17.1643625192012
"Bob Moore",17.1428571428571
"Little Johnny Taylor",17.1180836707153
"The Swinging Blue Jeans",17.1168984256373
"Esther Phillips Little Esther",17.1071428571429
"Fabian",17.0945291267872
"Blue Cheer",17.0931677018634
"The Cleftones",17.0827485380117
"The Trade Winds",17.0821078431373
"The Sandpebbles",17.0803499851119
"Buchanan Brothers",17.0782414307004
"The Stone Poneys",17.0769230769231
"Dave Baby Cortez",17.0714669675049
"Joni James",17.0650912996778
"Mickey & Sylvia",17.0612791780161
"Bobby Curtola",17.0596500530223
"Joe Barry",17.0575396825397
"The Flying Machine",17.0571428571429
"Mitty Collier",17.056677544231
"The Dynamics",17.056625577812
"The Sapphires",17.052987012987
"Leon Haywood",17.0484817115252
"Rusty Draper",17.0470513891567
"Jessie Hill",17.0467032967033
"Shirley & Lee",17.045183982684
"Barrett Strong",17.0434782608696
"Teddy Randazzo",17.0423351158645
"The Royalettes",17.0382791327913
"Evie Sands",17.0377358490566
"The Arrows",17.027027027027
"Don Ho & The Aliis",17.0175438596491
"Van Morrison",16.725
"Arthur Lyman Group",16.4166666666667
"Buzz Clifford",16.3095238095238
"Emilio Pericoli",16.3095238095238
"Ernie Maresca",16.3095238095238
"The Tijuana Brass",16.3095238095238
"U.S. Bonds",16.3095238095238
"Jackie Ross",16.2957279336658
"Sonny",16.2285714285714
"Lou Monte",16.2128205128205
"Robert Knight",16.1847739888977
"The Originals",16.1428571428571
"New Colony Six",16.125
"Joe Hinton",16.0995226683429
"Herbie Mann",16.089976638675
"Jon & Robin",16.0870498084291
"P.J. Proby",16.0797419971333
"Spinners",16.0765974765975
"Four Jacks & A Jill",16.0659722222222
"Kay Starr",16.0623241896203
"The Brass Ring",16.0590277777778
"Esther Phillips",16.0566684669645
"The Paradons",16.0555555555556
"Buddy Knox",16.0553846153846
"Etta Jones",16.0541514041514
"Al Casey",16.045787405593
"Tommy Hunt",16.045787405593
"Les Cooper & The Soul Rockers",16.0454545454545
"Tracey Dey",16.0436938646426
"Richard Groove Holmes",16.0432449494949
"Guy Mitchell",16.0418300653595
"The Emotions",16.0387989203779
"The Artistics",16.032674571805
"The Showmen",16.028893442623
"Roy Drusky",16.0285714285714
"The Starlets",16.0263157894737
"Barry Mann",15.8201621073961
"Doris Troy",15.6285714285714
"Bob Luman",15.5714285714286
"Shirley Bassey",15.5576923076923
"Bob B Soxx And The Blue Jeans",15.4326923076923
"Bing Crosby",15.1888514020093
"Bob Seger System",15.1867798665858
"The Easybeats",15.135
"Larry Hall",15.1333333333333
"The Echoes",15.094696969697
"Skip & Flip",15.0909090909091
"Corsairs",15.0833333333333
"Jack Ross",15.0800438596491
"Kitty Kallen",15.0737373737374
"Toussaint McCall",15.0644355644356
"Bunny Sigler",15.0570824524313
"Webb Pierce",15.0538649704148
"The Playmates",15.0526763776764
"Anthony Newley",15.049443795888
"Laura Lee",15.0492680943345
"The Manhattans",15.0464087809037
"J.J. Barnes",15.0452868852459
"The Hullaballoos",15.0448841698842
"Bill Doggett",15.0432216905901
"Verdelle Smith",15.0424448217317
"Bob B. Soxx & The Blue Jeans",15.0421888053467
"The Rivingtons",15.0400641025641
"The Flares",15.04
"Frankie Ford",15.0387164750958
"Dennis Yost & The Classics IV",15.0376495425757
"Jimmy Rodgers",15.0373403209957
"Johnny Ferguson",15.037037037037
"Don Shirley",15.035
"Bob & Earl",15.0344919786096
"The Pentagons",15.0327380952381
"Etta & Harvey",15.0320512820513
"Martin Denny",15.02
"Count Five",14.9
"Kokomo",14.8392857142857
"Lonnie Donegan & His Skiffle Group",14.8363636363636
"Bill Pursell",14.8253968253968
"The Little Dippers",14.8253968253968
"Baby Cortez",14.8142857142857
"Mel And Tim",14.8142857142857
"The Statler Brothers",14.7884615384615
"Joey Powers",14.7384615384615
"The Cuff Links",14.7222222222222
"The Edwin Hawkins Singers",14.5
"Spyder Turner",14.1771929824561
"The Castaways",14.1666666666667
"Jackie Lee",14.1428571428571
"Louis Prima",14.1333333333333
"Miriam Makeba",14.1186274509804
"The Rose Garden",14.1176470588235
"Jumpin' Gene Simmons",14.1029572836802
"San Remo Golden Strings",14.0965459841864
"Horst Jankowski",14.0943223443223
"Mongo Santamaria",14.0940955102346
"Larry Finnegan",14.0909090909091
"Bob Crewe",14.0883192883895
"Joe Harnell",14.0817378497791
"Tiny Tim",14.0811145510836
"Wes Montgomery",14.0791708291708
"Spencer Ross",14.0769230769231
"The Flaming Ember",14.0769230769231
"Noel Harrison",14.0749299719888
"Arthur Prysock",14.0719111969112
"Claudine Longet",14.0693621067062
"Cannibal & The Headhunters",14.0666666666667
"George Hamilton IV",14.0666666666667
"Leapy Lee",14.0625
"The Honey Cone",14.061669829222
"The Flirtations",14.0588235294118
"Tammi Terrell",14.0562396351575
"Kris Jensen",14.05
"Lalo Schifrin",14.0487804878049
"Bobby Gregg & His Friends",14.0457187136769
"Jimmy Elledge",14.0454545454545
"The Velvelettes",14.0378472222222
"The Intrigues",14.0322580645161
"Dodie Stevens",14.0303652968037
"Bull And The Matadors",14.025641025641
"The Beau-Marks",14.0222222222222
"Billy Joe & The Checkmates",13.8692307692308
"Mike Douglas",13.6111111111111
"Tommy Tucker",13.1922348484848
"Crazy Elephant",13.1666666666667
"The Chordettes",13.1649572649573
"The Ad Libs",13.135
"Jonathan King",13.127956337174
"Garry Miles",13.125
"The Springfields",13.1105263157895
"Cilla Black",13.1001076205607
"Roy Hamilton",13.0958333333333
"Johnny Adams",13.094859648436
"The Hombres",13.0833333333333
"The Nashville Teens",13.0816326530612
"Nina Simone",13.0804533223461
"Sonny Charles",13.0769230769231
"Fred Hughes",13.0643115942029
"Joe Cuba Sextet",13.0640040962622
"The Ran-Dells",13.0625
"Motherlode",13.0555555555556
"Donnie & The Dreamers",13.0538878842676
"The Mad Lads",13.0469236517624
"The Waikikis",13.041292041292
"Rochell & The Candles",13.0384615384615
"Dorothy Collins",13.0359140418016
"June Valli",13.0344827586207
"Mantovani & His Orchestra",13.0322580645161
"The Illusion",13.03125
"Grand Funk Railroad",13.0311426116838
"Bunker Hill",13.030303030303
"Bob Beckham",13.0277777777778
"The Ames Brothers",13.0263157894737
"Hank Williams Jr.",13.0260364842454
"The Monarchs",13.0212765957447
"Mongo Santamaria Band",13.0181818181818
"Fortunes",12.961038961039
"The Crystals (Blossoms)",12.1818181818182
"Janis Ian",12.1428571428571
"The Joe Jeffrey Group",12.1428571428571
"Max Frost & The Troopers",12.1363636363636
"The Electric Indian",12.1355263157895
"The Amboy Dukes",12.125
"The Ivy Three",12.125
"The Harry Simeone Chorale",12.1228354978355
"The Neon Philharmonic",12.1176470588235
"Carole King",12.1015473887814
"The Dartells",12.1010101010101
"Sunny & The Sunglows",12.0909090909091
"Margaret Whiting",12.0873397435897
"Cathy Jean",12.0833333333333
"Raymond Lefevre & His Orchestra",12.0810810810811
"Henson Cargill",12.08
"Spirit",12.08
"Al Green",12.0731707317073
"The Bubble Puppy",12.0714285714286
"Magic Lanterns",12.0689655172414
"Ronnie & The Hi-Lites",12.0625
"The Fortunes",12.0614272809395
"Robert John",12.0612244897959
"Flatt & Scruggs",12.0545454545455
"Ruby Andrews",12.051310741688
"Lowell Fulsom",12.0508383369208
"Tex Ritter",12.05
"The Marathons",12.05
"The Sopwith Camel",12.0498251748252
"Charlie Drake",12.047619047619
"James Gilreath",12.047619047619
"Nathaniel Mayer & The Fabulous Twilights",12.0454545454545
"The Volumes",12.0454545454545
"Deane Hawley",12.0452354467927
"Al Brown's Tunetoppers",12.0434782608696
"Joan Baez",12.0427390180879
"Dave Dudley",12.0417763157895
"Dr. Feelgood & The Interns",12.038961038961
"Bobby Comstock",12.0388590523929
"Reparata & The Delrons",12.0384057971015
"Sunny & The Sunliners",12.0363067292645
"Billy J. Kramer & The Dakotas",12.036201968879
"The Valentinos",12.0348364651117
"Anna King",12.0341561423651
"Kool And The Gang",12.0338983050847
"Harlow Wilcox",12.0333333333333
"Nelson Riddle",12.0333333333333
"Gene Thomas",12.0307726864331
"Al Caiola And His Orchestra",12.0285714285714
"Steve Allen",12.0273897058824
"Paul Dino",12.0263157894737
"Hank Snow",12.0262001352265
"Robert Mitchum",12.0258012820513
"The C.O.D.'s",12.0243902439024
"The Gants",12.0217391304348
"Ginny Arnell",12.02
"The Five Du-Tones",12.0196078431373
"Cowboy Copas",12.015873015873
"Napoleon XIV",11.3333333333333
"The Charles Randolph Grean Sounde",11.1538461538462
"Desmond Dekker & the Aces",11.1111111111111
"The Silkie",11.1
"Temptations",11.0909090909091
"Pete Drake",11.08
"Barry Young",11.0769230769231
"Bobby Helms",11.0700251645374
"Blue-Belles",11.0666666666667
"Jimmy Gilmer & The Fireballs",11.0666666666667
"Tommy McLain",11.0666666666667
"The Detergents",11.0638675340035
"Chet Atkins",11.0584970373047
"Michele Lee",11.0576923076923
"Patty & The Emblems",11.0540540540541
"Joey Dee",11.0540228403021
"Jose Jimenez",11.0526315789474
"Jimmy McCracklin",11.0480098919959
"The Edsels",11.047619047619
"James Booker",11.046511627907
"Unit Four Plus Two",11.0462406015038
"Sammy Turner",11.0434782608696
"The Innocence",11.0427450980392
"Soul Sisters",11.0419432120674
"Kenny Dino",11.0416666666667
"The Rugbys",11.0416666666667
"Dale Ward",11.04
"Kasenetz-Katz Singing Orchestral Circus",11.04
"The Duals",11.04
"The Halos",11.04
"Sheb Wooley",11.0392156862745
"Garry Mills",11.0384615384615
"Ruth Brown",11.0365393207096
"The Five Satins",11.0351049169615
"Eddie Holman",11.0350877192982
"Monty Kelly & His Orchestra",11.0333333333333
"Bobby Marchan",11.0322580645161
"The Checkmates, Ltd.",11.0298773690078
"Just Us",11.0294117647059
"Mel Torme",11.0277777777778
"Toni Fisher",11.027027027027
"Charley Pride",11.0245025245025
"Count Basie",11.0236253108594
"The Arthur Lyman Group",11.0232558139535
"The Packers",11.0232558139535
"Lester Flatt, Earl Scruggs",11.0227272727273
"Dee Jay & The Runaways",11.0222222222222
"The Goodees",11.0217391304348
"The Knockouts",11.0217391304348
"Gabriel & The Angels",11.0196078431373
"Murry Kellum",11.0196078431373
"Buddy Greco",11.015625
"Robin Ward",10.1428571428571
"The Fifth Estate",10.0909090909091
"The Velvets",10.0880341880342
"The Jarmels",10.0833333333333
"The Chartbusters",10.0823451910408
"The Pastel Six",10.08
"Little Anthony & the Imperials",10.0666666666667
"Little Jimmy Dickens",10.0666666666667
"Rod Lauren",10.0645161290323
"The Pyramids",10.0555555555556
"The Secrets",10.0555555555556
"Al Caiola & His Orchestra",10.0526315789474
"Big Dee Irwin",10.0526315789474
"Bobby Powell",10.0504626951995
"Clarence Reid",10.05
"Garland Green",10.05
"Sandy Stewart",10.05
"Barry And The Tamerlanes",10.047619047619
"Jack Nitzsche",10.047619047619
"Phil McLean",10.047619047619
"The Barbarians",10.0474747474747
"Valjean",10.0457142857143
"Tony Clarke",10.0436217008798
"Adam Faith",10.0425673428666
"Lorraine Ellison",10.0424859550562
"Sammy Kaye & His Orchestra",10.0424836601307
"Watts 103rd Street Rhythm Band",10.041095890411
"The Busters",10.04
"The Yellow Balloon",10.04
"Bob Braun",10.0384615384615
"Underground Sunshine",10.0384615384615
"Bobby Moore & The Rhythm Aces",10.037037037037
"Stonewall Jackson",10.0364384366735
"Lawrence Reynolds",10.0357142857143
"Orpheus",10.034478021978
"The Peppermint Trolley Company",10.0338983050847
"Vic Damone",10.0333333333333
"The Rays",10.0309344790548
"Little Joey & The Flips",10.030303030303
"Little Junior Parker",10.0297088532383
"The Crescents",10.0289855072464
"The Devotions",10.0277777777778
"Jimmy Holiday",10.0277479412818
"Andy Stewart",10.0274797666102
"Les Paul & Mary Ford",10.027027027027
"Thunderclap Newman",10.027027027027
"The Wailers",10.0263157894737
"Vik Venus",10.0263157894737
"The Love Generation",10.0251414204903
"The Avant-Garde",10.025
"Jimmy Velvet",10.0240860215054
"Sonny Knight",10.0240845070423
"Ray Anthony",10.0239301801802
"Jerry Byrd",10.023822791864
"The Harden Trio",10.0227272727273
"The Poets",10.0222222222222
"Rhinoceros",10.0217391304348
"Terry Knight & The Pack",10.0217391304348
"Ernie Fields",10.0212765957447
"Hedgehoppers Anonymous",10.0208333333333
"Jon Thomas",10.0208333333333
"Candy & The Kisses",10.0196078431373
"Shep & the Limelites",10.0172413793103
"John Lee Hooker",10.0166666666667
"The Bermudas",10.0161290322581
"The Jewels",10.015625
"Victor Lundberg",9.53333333333333
"Tom Glazer",9.14285714285714
"David & Jonathan",9.11111111111111
"Don Fardon",9.1
"Rita Pavone",9.07692307692308
"Kenny O'Dell",9.07390817469205
"Plastic Ono Band",9.07142857142857
"Gloria Walker",9.07040816326531
"Ray Barretto",9.05882352941176
"Eddie Rambeau",9.05714285714286
"Hugo & Luigi",9.05714285714286
"Glencoves",9.05263157894737
"The Premiers",9.05263157894737
"Keith Barbour",9.05
"The Classics",9.05
"Norma Tanega",9.04545454545454
"The Diamonds",9.04545454545454
"Bernadette Carroll",9.04255319148936
"The Earls",9.04166666666667
"Al Kent",9.04081632653061
"Gloria Taylor",9.04081632653061
"Lou Courtney",9.04066901408451
"The Sherrys",9.03888070692194
"Madeline Bell",9.03846153846154
"Walter Wanderley",9.03846153846154
"The Third Rail",9.0377358490566
"Mark Valentino",9.03703703703704
"Lenny Miles",9.0362950058072
"Pete Fountain",9.03599812996728
"Wind",9.03571428571429
"Jerry Jaye",9.03448275862069
"The Stereos",9.03448275862069
"Ramrods",9.03333333333333
"Ray Bryant Combo",9.03333333333333
"The Chad Mitchell Trio",9.03282828282828
"Diane Ray",9.03225806451613
"Jimmy Castor",9.03225806451613
"The Blue Jays",9.03225806451613
"The Leaves",9.03225806451613
"The Mar-kets",9.03225806451613
"The Holidays",9.03174603174603
"Pozo Seco Singers",9.03125
"Stan Kenton",9.03125
"The Equals",9.03125
"Frank Gallop",9.02941176470588
"The Rag Dolls",9.02917082917083
"Mama Cass Elliot",9.02777777777778
"The Marvelows",9.02702702702703
"Ray Price",9.02666666666667
"Mickey Lee Lane",9.02631578947368
"Janis Joplin",9.02439024390244
"The Chanters",9.02439024390244
"Ray Ellis",9.02425044091711
"Chad Mitchell Trio",9.02325581395349
"Si Zentner & His Orchestra",9.02325581395349
"The You Know Who Group",9.02325581395349
"Andrea Carroll",9.02222222222222
"Frank Slay & His Orchestra",9.02222222222222
"Chi-Lites",9.02200193423598
"Gary Stites",9.02127659574468
"The High Keyes",9.02127659574468
"The Roomates",9.02040816326531
"Gogi Grant",9.02
"Jerryo",9.01960784313725
"The Excellents",9.01960784313725
"Joe Turner",9.0188679245283
"Tommy Leonetti",9.01851851851852
"The Emperor's",9.01818181818182
"The Matys Bros.",9.01818181818182
"The Sidekicks",9.01818181818182
"Matt Lucas",9.01785714285714
"Brooks O'Dell",9.01724137931035
"The Glass House",9.01694915254237
"Dick Dale & The The Del-Tones",9.01666666666667
"Jeanette (Baby) Washington",9.01666666666667
"Mitchell Torok",9.01666666666667
"The Goodtimers",9.01666666666667
"Bertha Tillman",9.01639344262295
"The Bluenotes",9.01639344262295
"Johnnie Morisette",9.01587301587302
"The Astors",9.01587301587302
"Bud & Travis",9.015625
"Jack Greene",9.01538461538462
"Charlie Byrd",9.01515151515152
"Jefferson",9.01470588235294
"Eddie Bo",9.01369863013699
"Ollie & The Nightingales",9.01369863013699
"The Falcons",9.01333333333333
"Senator Bobby",8.11010101010101
"The Balloon Farm",8.08108108108108
"Philip Upchurch Combo",8.06896551724138
"Betty Wright",8.06060606060606
"Rex Allen",8.05882352941176
"The Ides Of March",8.05848861283644
"Neil Hefti",8.05714285714286
"Dick Hyman",8.05263157894737
"Pigmeat Markham",8.05263157894737
"Doris Day",8.05020408163265
"The Parade",8.05
"Young-Holt Trio",8.05
"Cat Mother & The All Night News Boys",8.04761904761905
"The Shells",8.04761904761905
"Donald & The Delighters",8.046875
"The Gestures",8.04545454545454
"Candi Staton",8.04347826086956
"Shannon",8.04255319148936
"The Ramblers",8.03902516725072
"The Dynatones",8.0377358490566
"Lucille Starr",8.03703703703704
"Mickey Murray",8.03703703703704
"Trade Martin",8.03571428571429
"Les Compagnons de la Chanson",8.03333333333333
"Tobin Mathews & Co.",8.03333333333333
"The Blenders",8.0327868852459
"The Appalachians",8.03225806451613
"Gunter Kallmann Chorus",8.03174603174603
"Johnny Beecher",8.03076923076923
"Vincent Edwards",8.02859477124183
"Don & The Goodtimes",8.0280612244898
"Calvin Arnold",8.02777777777778
"Harold Betters",8.02702702702703
"Little Carl Carlton",8.02666666666667
"David Carroll & His Orchestra",8.0265975242556
"Earl-Jean",8.02631578947368
"The Jamies",8.02631578947368
"Bruce & Terry",8.02565359477124
"The Uniques",8.02546079350203
"The Chipmunks",8.025
"O.V. Wright",8.02412790697674
"Marion Worth",8.02380952380952
"Sims Twins",8.02380952380952
"Paul Peek",8.02289377289377
"The Buena Vistas",8.0228578892372
"The Frogmen",8.02272727272727
"Marty Wilde",8.02222222222222
"The Cherry People",8.02222222222222
"The Forum",8.02222222222222
"Frank Chacksfield",8.02127659574468
"Jimmy Norman",8.02127659574468
"Tom & Jerrio",8.02127659574468
"Thee Prophets",8.02040816326531
"Jennell Hawkins",8.02
"Little Caesar & The Consuls",8.02
"Huey Smith",8.01960784313725
"Jimmy Durante",8.01960784313725
"Alvin Robinson",8.01923076923077
"George Martin & His Orchestra",8.0188679245283
"Joiner, Arkansas Junior High School Band",8.0188679245283
"Ernie Fields & Orchestra",8.01851851851852
"Billy Abbott & The Jewels",8.01818181818182
"George McCurn",8.01818181818182
"The Thirteenth Floor Elevators",8.01818181818182
"Jerry Murad's Harmonicats",8.01785714285714
"Santana",8.01785714285714
"Lonnie Russ",8.01754385964912
"Ko Ko Taylor",8.01724137931035
"Neil Scott",8.01724137931035
"Pieces Of Eight",8.01694915254237
"Teddy & The Twilights",8.01694915254237
"Rick & The Keens",8.01666666666667
"Round Robin",8.01639344262295
"David Rockingham Trio",8.01612903225806
"Erma Franklin",8.01612903225806
"Rosco Robinson",8.01612903225806
"The Blendells",8.01612903225806
"Susan Christie",8.01587301587302
"Link Wray",8.015625
"Keith Colley",8.01515151515152
"Karl Hammel Jr.",8.01470588235294
"The Corsairs",8.01470588235294
"Felix Slatkin Orchestra",8.01428571428571
"Pete Seeger",8.01428571428571
"Paul Mauriat",8.01315789473684
"Nitty Gritty Dirt Band",7.06666666666667
"Chris Bartley",7.0625
"Whistling Jack Smith",7.05
"The Romeos",7.04477611940298
"Eternity's Children",7.04347826086957
"Autry Inmann",7.04166666666667
"Tim Hardin",7.04
"Five By Five",7.03846153846154
"The Montanas",7.03448275862069
"Billy J. Kramer with The Dakotas",7.03333333333333
"Nancy Ames",7.03228858663513
"Funkadelic",7.03174603174603
"Brian Wilson",7.03125
"The Ballads",7.03076923076923
"Little Esther Phillips",7.03009207275994
"Baby Jane & The Rockabyes",7.02898550724638
"The Dave Brubeck Quartet",7.02898550724638
"H. B. Barnum",7.02857142857143
"Nazz",7.02816901408451
"Bobby Russell",7.02777777777778
"The Spokesmen",7.02777777777778
"The Chicago Loop",7.02702702702703
"The Merry-Go-Round",7.02651131374536
"The Razor's Edge",7.02597402597403
"Sagittarius",7.02591362126246
"Buddy Starcher",7.02564102564103
"The Music Makers",7.02564102564103
"Ernie Freeman",7.02503840245776
"Charles Wolcott",7.02439024390244
"Timmy Shaw",7.02439024390244
"The Alley Cats",7.02325581395349
"The Epic Splendor",7.02298850574713
"The Mirettes",7.02222222222222
"Kirby St. Romain",7.02040816326531
"The Girlfriends",7.02040816326531
"Billy Edd Wheeler",7.02
"The Butterflys",7.01960784313725
"The Velaires",7.01960784313725
"Dr. West's Medicine Show & Junk Band",7.01923076923077
"The Soul Children",7.01923076923077
"Chris Crosby",7.0188679245283
"The Magistrates",7.01851851851852
"The Lennon Sisters",7.01785714285714
"Mike Sharpe",7.01754385964912
"Shango",7.01754385964912
"Jan & Kjeld",7.01724137931035
"The Sheep",7.01724137931035
"Piero Soffici",7.01694915254237
"Alice Wonder Land",7.01612903225806
"Florraine Darlin",7.01612903225806
"The Band",7.01587301587302
"Arrows",7.015625
"Dick Roman",7.015625
"Kenny Chandler",7.015625
"Rosco Gordon",7.015625
"Sonny James The Southern Gentlman",7.01538461538462
"James Phelps",7.01515151515152
"The Dolphins",7.01449275362319
"Jerry Smith & His Pianos",7.01408450704225
"Big Sambo & The House Wreckers",7.01351351351351
"The Mark II",7.01333333333333
"The Overlanders",7.01333333333333
"The Ray Charles Singers",6.06896551724138
"Guy Marks",6.05882352941176
"Moms Mabley",6.05714285714286
"Felice Taylor",6.04761904761905
"Esther & Abi Ofarim",6.04411764705882
"Fever Tree",6.04395604395604
"Judy Clay",6.04
"Dave Dee, Dozy, Beaky, Mick & Tich",6.03846153846154
"Duke Baxter",6.03846153846154
"Boston Pops Orchestra/Arthur Fiedler",6.03636363636364
"Kingpins",6.03571428571429
"The Poppies",6.03571428571429
"The Three Degrees",6.03530927835052
"Senator Everett McKinley Dirksen",6.03448275862069
"The Precisions",6.03333333333333
"The Van Dykes",6.03172831896236
"The Choir",6.02941176470588
"Baby Ray",6.02898550724638
"Johnny Sea",6.02857142857143
"Dana Rollin",6.02816901408451
"Danny Hutton",6.02739726027397
"The Simon Sisters",6.02739726027397
"Abaco Dream",6.02702702702703
"The Five Emprees",6.02702702702703
"Micky Dolenz",6.02666666666667
"The T.S.U. Toronadoes",6.02666666666667
"The Four Pennies",6.0254516889238
"Benny Spellman",6.025
"Wade Flemons",6.02492401215805
"Jerry Fuller",6.02472280491459
"Art Linkletter",6.02380952380952
"Jerry Reed",6.02275923794911
"Red Skelton",6.02272727272727
"Mrs. Miller",6.02272143774069
"The Wanderers",6.02211632453568
"Bill Black",6.02127659574468
"Freddie Hughes",6.02127659574468
"Bobby Parker",6.01960784313725
"The Percells",6.0188679245283
"The Ly-Dells",6.01851851851852
"Sweden Heaven & Hell Soundtrack/Piero Umiliani",6.01818181818182
"Thelma Carpenter",6.01818181818182
"The Steelers",6.01785714285714
"John Fred & His Playboys",6.01754385964912
"Leroy Pullins",6.01754385964912
"The Cupids",6.01754385964912
"Ivo Robic",6.01724137931035
"The Peels",6.01694915254237
"Billy Butler",6.01666666666667
"The Cambridge Strings & Singers",6.01666666666667
"The Ovations",6.01639344262295
"Billy Preston",6.01612903225806
"Jacky Noguez & His Orchestra",6.01587301587302
"Red River Dave",6.015625
"Bud Shank",6.01538461538462
"Lyme & Cybelle",6.01538461538462
"Eivets Rednow",6.01515151515152
"Jaye P. Morgan",6.01515151515152
"Vito & The Salutations",6.01515151515152
"G.L. Crockett",6.01492537313433
"Iveys",6.01492537313433
"Yvonne Baker & The Sensations",6.01449275362319
"Bill Haley & His Comets",6.01428571428571
"Peter Sarstedt",6.01428571428571
"The Shacklefords",6.01428571428571
"The Tree Swingers",6.01369863013699
"Joe Reisman",6.01351351351351
"Rod McKuen",6.01315789473684
"Soupy Sales",6.01315789473684
"The Raeletts",6.01315789473684
"Frank De Vol",6.01298701298701
"Derek Martin",6.01282051282051
"Frankie Calen",6.01282051282051
"Harvey Scales & The Seven Sounds",6.0126582278481
"Clefs Of Lavender Hill",6.0125
"Travis Wammack",6.0125
"Wilmer & The Dukes",6.0125
"The Fiestas",6.01234567901235
"Barbara Greene",6.01162790697674
"Debbie Taylor",6.01162790697674
"Kenny Ball",6.01149425287356
"The Staple Singers",5.0408293460925
"The Masqueraders",5.03508771929825
"Syl Johnson",5.03136190992946
"The Greenwoods",5.03125
"Adrian Kimberly",5.02941176470588
"The Scaffold",5.02898550724638
"The Knight Brothers",5.02857142857143
"Savoy Brown",5.02702702702703
"The Glories",5.02702702702703
"Hamilton Camp",5.02631578947368
"Jerry Jeff Walker",5.02597402597403
"Scott English",5.02597402597403
"The Carefrees",5.02564102564103
"Johnny Lytle",5.025
"The Preludes Five",5.025
"The Candymen",5.02469135802469
"John Wesley Ryles, I",5.02409638554217
"The Superbs",5.02409638554217
"Nella Dodds",5.02393018018018
"The Crystal Mansion",5.02380952380952
"George Jones",5.02357456140351
"Jeannie Seely",5.02352941176471
"Saverio Saridis",5.02325581395349
"Little Richard",5.02306468716861
"Bill Wyman",5.02298850574713
"Detroit Emeralds",5.02247191011236
"Helena Ferguson",5.02222222222222
"Burt Bacharach",5.02150537634409
"The Enchanters",5.02140567765568
"Flavor",5.02105263157895
"Sugar Pie DeSanto",5.02083333333333
"Herb Lance",5.02
"Russell Byrd",5.02
"The Timetones",5.01960784313725
"Paris Sisters",5.01785714285714
"Southwest F.O.B.",5.01785714285714
"Nino & The Ebb Tides",5.01754385964912
"Marlena Shaw",5.01724137931035
"Siw Malmkvist - Umberto Marcato",5.01724137931035
"Mickey Shorr & The Cutups",5.01666666666667
"The Hippies",5.01587301587302
"The Vacels",5.01587301587302
"Richard Burton",5.015625
"Sammy Masters",5.015625
"The Soulful Strings",5.015625
"Perez Prado & His Orchestra",5.01538461538462
"Julie Andrews & Dick VanDyke",5.01515151515152
"Little Jo Ann",5.01492537313433
"Everything Is Everything",5.01449275362319
"Mel Gadson",5.01449275362319
"Mike Williams",5.01449275362319
"The New Yorkers",5.01449275362319
"John & Anne Ryder",5.01428571428571
"The Galens",5.01428571428571
"The Blue Diamonds",5.01388888888889
"Bobby Wood",5.01351351351351
"Cornbread & Biscuits",5.01333333333333
"The Greenwood County Singers",5.01333333333333
"Joe Perkins",5.01315789473684
"Louise Brown",5.01315789473684
"The Four Sportsmen",5.01315789473684
"Tim Tam & The Turn-Ons",5.01315789473684
"Bonnie & The Treasures",5.01298701298701
"The Delacardos",5.01282051282051
"The Last Word",5.01282051282051
"Johnny & The Expressions",5.0126582278481
"Cleveland Crochet & Band",5.0125
"The Paragons",5.01219512195122
"The Formations",5.01204819277108
"The Ivy League",5.01204819277108
"The Sevilles",5.01190476190476
"Lefty Frizzell",5.01176470588235
"Roddie Joy",5.01162790697674
"The Show Stoppers",5.01149425287356
"Cal Tjader",5.01136363636364
"Charlie Russo",5.01086956521739
"Jack LaForge, His Piano & Orchestra",5.01041666666667
"The James Boys",4.03658536585366
"The Mauds",4.03529411764706
"The Sunglows",4.03125
"Ruby Winters",4.03051129855254
"Albert King",4.02985074626866
"The Rainy Daze",4.02857142857143
"John Roberts",4.02816901408451
"The Unknowns",4.02702702702703
"The Four-Evers",4.02666666666667
"Della Humphrey",4.0253164556962
"Billie Jo Spears",4.025
"Mark Lindsay",4.02469135802469
"Marva Whitney",4.02439024390244
"Paul Chaplain & His Emeralds",4.02439024390244
"The Nightcrawlers",4.02352941176471
"The Smoke Ring",4.02352941176471
"Barry Ryan",4.02325581395349
"The Blades Of Grass",4.02298850574713
"Sir Chauncey",4.02247191011236
"Ronnie Caroll",4.02197802197802
"The Soul Clan",4.02197802197802
"Porter Wagoner",4.02173913043478
"Tompall & The Glaser Brothers",4.02173913043478
"Ike Clanton",4.02151532677848
"Every Father's Teenage Son",4.02150537634409
"Lou Donaldson",4.02150537634409
"Cookie & His Cupcakes",4.02127659574468
"Bobby Hatfield",4.02105263157895
"Sam & Bill",4.02073039742213
"Otis Williams & His Charms",4.02062732589048
"Danny Peppermint & The Jumping Jacks",4.01851851851852
"Frankie Lymon",4.01724137931035
"The Lewis & Clarke Expedition",4.015625
"The Rondels",4.01515151515152
"Thee Midniters",4.01492537313433
"Merv Griffin",4.01449275362319
"Dallas Frazier",4.01388888888889
"Ronnie Love & His Orchestra",4.01388888888889
"Bobby Hendricks",4.01369863013699
"Tommy Sands",4.01369863013699
"Rock & Roll Duble Bubble Trading Card Company Of Philadelphia",4.01351351351351
"David Thorne",4.01315789473684
"Johnny Gibson",4.01315789473684
"Teddy Vann",4.01315789473684
"April Stevens & Nino Tempo",4.01298701298701
"Titus Turner",4.01298701298701
"Los Pop Tops",4.01282051282051
"The Blue Notes",4.01282051282051
"The Fun & Games",4.01282051282051
"The Blossoms",4.0126582278481
"Led Zeppelin",4.0125
"Debbie Dovale",4.01234567901235
"Lee Morgan",4.01234567901235
"Prince Buster",4.01234567901235
"The 5 Royales",4.01234567901235
"The Ribbons",4.01234567901235
"Collay & The Satellites",4.01219512195122
"Frankie Miller (of 1961)",4.01219512195122
"MC5",4.01219512195122
"Donna Lynn",4.01204819277108
"Jack Eubanks",4.01204819277108
"Thomas & Richard Frost",4.01204819277108
"John Sebastian",4.01190476190476
"The Smothers Brothers",4.01190476190476
"The Toy Dolls",4.01190476190476
"The Vejtables",4.01190476190476
"The Swans",4.01176470588235
"Romeo & Juliet Soundtrack (Juliet: Olivia Hussey: Romeo: Leonard Whiting: Nurse: Pat Haywood)",4.01162790697674
"Dean Christie",4.01149425287356
"Rockin' Rebels",4.01149425287356
"The Miniature Men",4.01149425287356
"Elton Anderson",4.01136363636364
"Lale Anderson",4.01136363636364
"Rev. Martin Luther King",4.01136363636364
"The Megatons",4.01136363636364
"The Metros",4.01136363636364
"The Wildweeds",4.01136363636364
"Jimmy Witter",4.01123595505618
"John Gary",4.01123595505618
"Sally Field",4.01063829787234
"Jimmy Delphs",4.01041666666667
"Larry Williams",4.01041666666667
"Professor Morrison's Lollipop",3.03409090909091
"Andre Williams",3.03286052009456
"Rufus",3.03237742830712
"Jimmy James",3.02631578947368
"Googie Rene Combo",3.02597402597403
"Bobby Cole",3.0253164556962
"The Womenfolk",3.02409638554217
"Moby Grape",3.02272727272727
"The Novas",3.02272727272727
"Junior Parker",3.02229102167183
"The Fireflies",3.02222222222222
"Janice Harper",3.02197802197802
"The Magnificent Men",3.02186379928315
"2 Of Clubs",3.02173913043478
"The Mustangs",3.02173913043478
"Davy Jones",3.02150537634409
"The Peanut Butter Conspiracy",3.02150537634409
"Lulu & The Luvers",3.02127659574468
"Clifford Curry",3.02105263157895
"4 Seasons",3.02073039742213
"Jerry Landis (Paul Simon)",3.02061855670103
"Davie Allan & The Arrows",3.02041028845153
"The Dyna-Sores",3.01694915254237
"The Limeliters",3.01666666666667
"Chicago",3.01408450704225
"John Barry & His Orchestra",3.01388888888889
"The Videls",3.01369863013699
"John Stewart",3.01351351351351
"Ronny Douglas",3.01333333333333
"The Piltdown Men",3.01333333333333
"Ella Washington",3.01298701298701
"Ella Johnson",3.01282051282051
"Preston Epps",3.01282051282051
"Roosevelt Fountain",3.01282051282051
"Phyllis McGuire",3.0126582278481
"Rene & Ray",3.0126582278481
"Sharpees",3.0126582278481
"Alan Price Set",3.0125
"Drafi",3.0125
"The Rollers",3.0125
"Tommy Boyce",3.0125
"John Mayall",3.01234567901235
"Marcy Joe",3.01234567901235
"Red Sovine",3.01219512195122
"The Royaltones",3.01219512195122
"Ellis Greenwich",3.01204819277108
"Jamie Horton",3.01190476190476
"Rosemary Clooney",3.01190476190476
"The Kids Next Door",3.01190476190476
"The Statues",3.01190476190476
"Pretty Purdie",3.01149425287356
"The Changin' Times",3.01149425287356
"The Lafayettes",3.01149425287356
"Edith Piaf",3.01136363636364
"Kathy Kirby",3.01136363636364
"Cab Calloway",3.01123595505618
"Darrow Fletcher",3.01123595505618
"The Diplomats",3.01123595505618
"Larry Bright",3.01111111111111
"Ricardo Ray",3.01111111111111
"Anita And Th' So-And-So's",3.01098901098901
"Cathy Carroll",3.01098901098901
"Hank Jacobs",3.01098901098901
"Johnny Mann Singers",3.01098901098901
"Maureen Gray",3.01098901098901
"Quicksilver Messenger Service",3.01098901098901
"The Singing Belles",3.01098901098901
"Jimmy Cross",3.01086956521739
"Mary Ann Fisher",3.01086956521739
"Ola & The Janglers",3.01086956521739
"Sleepy King",3.01086956521739
"The Fascinations",3.01086956521739
"The Rationals",3.01086956521739
"Troy Keyes",3.01086956521739
"Justine (Baby) Washington",3.01075268817204
"Denny Reed",3.01063829787234
"Jim & Jean",3.01063829787234
"The Baltimore And Ohio Marching Band",3.01063829787234
"The Hearts",3.01063829787234
"Young Hearts",3.01063829787234
"Eddie Lovette",3.01052631578947
"The Will-O-Bees",3.01052631578947
"The Woolies",3.01052631578947
"Big Maybelle",3.01041666666667
"The Butanes",3.01041666666667
"Otis Clay",3.01030927835052
"Steve Greenberg",3.01030927835052
"Pete Klint Quintet",3.01020408163265
"Boots Walker",2.02597402597403
"The Johnny Otis Show",2.025
"Tamiko Jones",2.02272727272727
"The Baskerville Hounds",2.02272727272727
"Tom Northcott",2.02272727272727
"Blackwell",2.02247191011236
"Austin Taylor",2.02222222222222
"The Drew-Vels",2.02222222222222
"George Torrence & The Naturals",2.02197802197802
"The Maskman And The Agents",2.02197802197802
"Freddie McCoy",2.02173913043478
"Jimmy Roselli",2.02150537634409
"Linda Ronstadt",2.02150537634409
"Waylon Jennings",2.02150537634409
"Billy Vaughn",2.02127659574468
"Birdlegs & Pauline",2.02127659574468
"The Abbey Tavern Singers",2.02127659574468
"The Shepherd Sisters",2.02127659574468
"The Traits",2.02127659574468
"Brother Jack McDuff",2.02105263157895
"Country Joe & The Fish",2.02105263157895
"The Bell Notes",2.02083333333333
"The Spellbinders",2.02075268817204
"Barbara & The Browns",2.02061855670103
"Paul Vance",2.02061855670103
"Fred Darian",2.02041666666667
"Ted Taylor",2.02020202020202
"Art Mooney & his Orchestra",2.02
"The Melodeers",2.01408450704225
"Charles Brown",2.01315789473684
"Pat Thomas",2.01282051282051
"Cathy & Joe",2.01219512195122
"The Frantics",2.01204819277108
"Claude Gray",2.01190476190476
"Nat Kendrick & The Swans",2.01190476190476
"Ronnie Savoy",2.01190476190476
"Christine Quaite",2.01176470588235
"Joe Sherman",2.01176470588235
"Wink Martindale",2.01176470588235
"Audrey Arno",2.01149425287356
"P.F. Sloan",2.01149425287356
"The Rumblers",2.01149425287356
"Bobby Pickett",2.01136363636364
"Carl Butler",2.01136363636364
"Long John Baldry",2.01136363636364
"Mitch Miller with Orch. & Chorus",2.01136363636364
"Johnnie & Joe",2.01123595505618
"Ray Bryant",2.01123595505618
"The 3 Friends",2.01123595505618
"The Caslons",2.01123595505618
"The Four Sonics",2.01123595505618
"The King Pins",2.01123595505618
"The Parkays",2.01123595505618
"Valadiers",2.01123595505618
"Narvel Felts",2.01111111111111
"Nickey DeMatteo",2.01111111111111
"Richie Allen",2.01111111111111
"Simon Stokes",2.01111111111111
"Flip Cartridge",2.01098901098901
"John W. Anderson Presents KaSandra",2.01098901098901
"Phill Wilson",2.01098901098901
"The Duke Of Earl",2.01098901098901
"The Strollers",2.01098901098901
"Blinky & Edwin Starr",2.01086956521739
"Debbie Dean",2.01086956521739
"Lena Horne",2.01086956521739
"T.K. Hulin",2.01086956521739
"The Crampton Sisters",2.01086956521739
"The Furys",2.01086956521739
"The In Crowd",2.01086956521739
"The New Establishment",2.01086956521739
"Chris Columbo Quintet",2.01075268817204
"Miss Toni Fisher",2.01075268817204
"Tender Slim",2.01075268817204
"100 Proof (Aged In Soul)",2.01063829787234
"James MacArthur",2.01063829787234
"Steve Miller Band",2.01063829787234
"Bobby Callender",2.01052631578947
"Danny Valentino",2.01052631578947
"Dave York & The Beachcombers",2.01052631578947
"Mable John",2.01052631578947
"Gary & The Hornets",2.01041666666667
"Jim & Monica",2.01041666666667
"Julie Monday",2.01041666666667
"Manny Kellem-His Orchestra & Voices",2.01041666666667
"Pearlettes",2.01041666666667
"Pookie Hudson",2.01041666666667
"The Blues Project",2.01041666666667
"The Harptones",2.01041666666667
"Arlo Guthrie",2.01030927835052
"Bobby McClure",2.01030927835052
"Bobby Moore's Rhythm Aces",2.01030927835052
"Brian Poole & the Tremeloes",2.01030927835052
"Dean Parrish",2.01030927835052
"The Hardtimes",2.01030927835052
"Wallace Brothers",2.01030927835052
"Willie Tee",2.01030927835052
"Wyatt (Earp) McPherson",2.01030927835052
"Bull Moose Jackson",2.01020408163265
"Elmo & Almo",2.01020408163265
"Jamo Thomas",2.01020408163265
"Bonnie Guitar",2.01010101010101
"Terry Black",2.01010101010101
"The Dixie Drifter",2.01010101010101
"Richard Hayman",1.0125
"Billy Walker",1.01204819277108
"Victor Feldman Quartet",1.01136363636364
"B. Bumble & The Stingers",1.01123595505618
"Mina",1.01111111111111
"Pat Zill",1.01098901098901
"Soul Brothers Six",1.01098901098901
"The Shindogs",1.01098901098901
"Jesse James",1.01086956521739
"Frankie Karl & The Dreams",1.01075268817204
"Mantovani",1.01075268817204
"Morty Jay & The Surfin' Cats",1.01075268817204
"The Allisons",1.01075268817204
"The Hollyridge Strings",1.01075268817204
"The Magic Mushrooms",1.01075268817204
"Chris Andrews",1.01063829787234
"Dick Lee",1.01063829787234
"Oscar Black",1.01063829787234
"The Astronauts",1.01063829787234
"Traffic",1.01063829787234
"Dorothy Morrison",1.01052631578947
"Marlowe Morris Quintet",1.01052631578947
"Maskman & The Agents",1.01052631578947
"Mello-Kings",1.01052631578947
"Nick DeCaro",1.01052631578947
"The Jazz Crusaders",1.01052631578947
"Tina Robin",1.01052631578947
"Bobby Peterson",1.01041666666667
"Del Reeves",1.01041666666667
"Jean & The Darlings",1.01041666666667
"Rejoice!",1.01041666666667
"Rita Coolidge",1.01041666666667
"The Banana Splits",1.01041666666667
"The Heartbeats",1.01041666666667
"The Jack Halloran Singers",1.01041666666667
"The Spats",1.01041666666667
"The Trolls",1.01041666666667
"The Virtues",1.01041666666667
"Earth Opera",1.01030927835052
"Johnny Caswell",1.01030927835052
"The Ron-Dels",1.01030927835052
"Dick Dale & His Del-Tones",1.01020408163265
"Ernestine Anderson",1.01020408163265
"Grapefruit",1.01020408163265
"Hank Levine And Orchestra",1.01020408163265
"Jimmy Witherspoon",1.01020408163265
"Lenny O'Henry",1.01020408163265
"Liverpool Five",1.01020408163265
"The Ska Kings",1.01020408163265
"Ann Cole",1.01010101010101
"Bobby Shafto",1.01010101010101
"Charlie McCoy",1.01010101010101
"Clarence Ashe",1.01010101010101
"Gary Cane And His Friends",1.01010101010101
"George & Gene (George Jones & Gene Pitney)",1.01010101010101
"Hank Thompson",1.01010101010101
"Mahalia Jackson",1.01010101010101
"Percy Mayfield",1.01010101010101
"Ray & Bob",1.01010101010101
"Richard & The Young Lions",1.01010101010101
"Stan Freberg",1.01010101010101
"Tammy Montgomery",1.01010101010101
"Tico And The Triumphs",1.01010101010101
"A.B. Skhy",1.01
"Buddy Miles",1.01
"Carroll Brothers",1.01
"Helen Shapiro",1.01
"Jimmie Beaumont",1.01
"Pete Antell",1.01
"The Castle Sisters",1.01
"The Charmettes",1.01
"The Excels",1.01
"The Monitors",1.01
"The Stompers",1.01
"The Texans",1.01
"The Vontastics",1.01
"Vicki Anderson",1.01
"Z.Z. Hill",1.01
