"Artist","sum"
"Elton John",419.027610069022
"Bee Gees",408.2660995278
"Carpenters",366.760452642706
"Chicago",362.335075401981
"Stevie Wonder",319.486007742258
"John Denver",292.973102630635
"James Brown",289.477675424599
"Elvis Presley",285.152858118155
"Diana Ross",283.26959255396
"Helen Reddy",282.660064726427
"Earth, Wind & Fire",277.780842110063
"Olivia Newton-John",276.19505025445
"Gladys Knight & The Pips",272.896674158816
"Neil Diamond",269.116881452202
"Barry Manilow",263.550464967448
"Three Dog Night",258.000330873976
"Eagles",255.10850230982
"Donna Summer",253.240309209091
"Linda Ronstadt",252.188829543374
"Rod Stewart",240.982280250431
"Al Green",238.641613869687
"Electric Light Orchestra",236.57580022594
"Wings",232.20190571578
"Commodores",231.349438688247
"Aretha Franklin",229.135843131372
"Barbra Streisand",225.269528471194
"The Doobie Brothers",222.395771393715
"The Stylistics",219.023751598909
"The Temptations",216.754357985167
"Anne Murray",203.472713727599
"Spinners",202.602299131288
"Carly Simon",200.547657641842
"ABBA",196.579648645486
"Smokey Robinson",193.763294967391
"The O'Jays",192.815567243528
"Marvin Gaye",192.035303206798
"Glen Campbell",190.304734302157
"Dr. Hook",190.270778824286
"War",188.888651626152
"The Rolling Stones",187.377487747946
"Alice Cooper",186.953974641633
"James Taylor",180.464084832914
"The 5th Dimension",179.773327241051
"Jackson 5",179.00599166915
"The Guess Who",176.788118924775
"Bread",174.403408162232
"America",174.280037716767
"Barry White",173.872045768241
"B.J. Thomas",173.269152762878
"The Isley Brothers",173.006227449235
"Ohio Players",172.195370736231
"Kenny Rogers",171.780509152865
"Roberta Flack",168.513103942032
"Seals & Crofts",162.677957105216
"Cat Stevens",161.233078389677
"The Chi-Lites",159.441886541989
"Fleetwood Mac",157.988287005392
"Styx",157.729082936641
"Cher",156.876101605141
"Joe Simon",156.767449115978
"Paul Anka",154.733841284502
"Andy Gibb",154.732171548634
"Captain & Tennille",154.63134841134
"Donny Osmond",153.825237933945
"Eddie Kendricks",152.892919695002
"Billy Joel",152.520249327269
"Foreigner",151.119085816145
"Steely Dan",150.457060790308
"KISS",149.465481268639
"Paul Simon",149.207002652079
"The Osmonds",148.231146389842
"Ringo Starr",147.20547480275
"Tavares",147.09404226368
"Eric Clapton",146.049412724956
"Lobo",145.571614627482
"Jim Croce",145.253112032708
"Daryl Hall & John Oates",145.062607882985
"Dawn",144.235864279361
"Billy Preston",143.639019243427
"Steve Miller Band",142.454241380347
"Johnnie Taylor",139.77598188231
"The Staple Singers",138.796067737166
"Paul Davis",137.965880042095
"Carole King",137.206176686367
"K.C & The Sunshine Band",136.749066964214
"Bob Seger",136.055503825882
"Four Tops",135.078614768147
"Kool & The Gang",134.414025413134
"Queen",133.381465562529
"Chic",131.676837442443
"Atlanta Rhythm Section",130.642998501067
"Bill Withers",129.503494039045
"Gordon Lightfoot",129.435156153029
"Charlie Rich",129.176144432645
"Little River Band",128.388748079877
"Michael Jackson",128.32738115883
"Mac Davis",127.966972961319
"The Supremes",126.494703063037
"B.B. King",126.480147403595
"England Dan & John Ford Coley",125.710076900325
"Heart",125.319285990044
"George Harrison",124.893000799099
"David Bowie",124.226658397009
"The Who",123.916874318978
"Joe Cocker",121.445648010611
"Ray Stevens",120.071679085485
"Rufus",119.876762768965
"Paul McCartney",119.457202927791
"Peter Frampton",118.311691831204
"Bachman-Turner Overdrive",117.509325455171
"Aerosmith",115.977539678954
"Natalie Cole",115.421683337892
"Neil Sedaka",113.740237051558
"Harold Melvin & The Blue Notes",112.821615911969
"Bay City Rollers",112.671226268285
"Leo Sayer",109.122606820817
"Tom Jones",108.909462277132
"The Grass Roots",106.331023645799
"Santana",105.930704982059
"Sweet",105.721580076176
"The Main Ingredient",105.43697311529
"Sly & The Family Stone",105.141174805664
"Grand Funk",105.019106280716
"Pointer Sisters",104.864358301942
"Rare Earth",103.901268188827
"The Partridge Family",102.768477448808
"Pablo Cruise",102.48013799154
"Bad Company",101.880148818374
"Tony Orlando & Dawn",101.460969246007
"Tyrone Davis",101.219558476815
"Johnny Rivers",101.061212046093
"Gilbert O'Sullivan",100.902906990753
"Frankie Valli",100.708606174379
"The Sylvers",100.538411725647
"Jefferson Starship",99.9681625806888
"Engelbert Humperdinck",99.0540522715335
"Melanie",98.521106918627
"Yvonne Elliman",97.9905854054625
"Rita Coolidge",97.8870364562625
"Jim Stafford",97.8323939853443
"Nilsson",97.4753453781214
"Firefall",96.9797058181976
"Hot Chocolate",96.0888244017428
"Bobby Womack",95.9129718593728
"Boz Scaggs",95.6611866702569
"Isaac Hayes",95.2450010863521
"Curtis Mayfield",95.0566567210918
"The Beach Boys",93.9966268208525
"The Hollies",93.0199554597447
"Bob Dylan",92.5713568944096
"The Manhattans",91.6199920362745
"Wilson Pickett",91.4833225250554
"Bobby Vinton",90.9110509640756
"John Lennon",90.5125403360409
"The Jackson 5",89.832995951417
"10cc",89.617868499202
"Creedence Clearwater Revival",89.463881299579
"Ike & Tina Turner",89.2903880443977
"Kansas",89.1807222668636
"Eric Carmen",89.0453587707522
"Bobby Sherman",88.3579657571037
"Led Zeppelin",88.3080618443432
"Candi Staton",88.2645222994975
"The Emotions",87.3149027606257
"Village People",87.1968376068376
"Melissa Manchester",86.2547442012601
"Freddy Fender",85.7200036638206
"Shaun Cassidy",84.9831238653819
"Crystal Gayle",84.5135961065539
"Dionne Warwick",84.111276859415
"Supertramp",84.0190476190476
"Donna Fargo",83.694837591605
"Bette Midler",83.6947847560077
"Rose Royce",83.3745796953118
"Grand Funk Railroad",83.3404245895932
"Kris Kristofferson",83.2202991960052
"Jimmy Buffett",82.7192826880327
"The Moody Blues",81.4701849888367
"Dolly Parton",81.1501366200674
"Lou Rawls",81.0622236992883
"George Benson",80.830403767635
"Hamilton, Joe Frank & Reynolds",80.4726225522536
"Joni Mitchell",79.9754429455449
"Jackson Browne",79.9644697370566
"Simon & Garfunkel",79.8737355654784
"Gloria Gaynor",79.176614201236
"Gerry Rafferty",78.8088235294118
"Leif Garrett",78.3776823168189
"Boston",77.7702689574396
"The Dramatics",77.4404956627686
"Van Morrison",77.2278702706195
"Ray Charles",77.21677236943
"Neil Young",76.9810373559817
"Donny & Marie Osmond",75.9229608111187
"Albert Hammond",75.5007713785754
"The Beatles",75.4796996263294
"Tommy James",74.0823627966255
"Lynyrd Skynyrd",73.9912118578191
"Player",73.5546366575304
"The Dells",73.2739810495064
"Raspberries",72.3897351489485
"Heatwave",71.6157796451914
"Gary Wright",71.1422052645312
"Jacksons",71.031376031376
"Jerry Reed",71.0096120830466
"Todd Rundgren",70.4886881578929
"Peaches & Herb",70.4784321475626
"The Four Seasons",70.4305892937472
"Orleans",70.4220439691028
"Harry Chapin",70.3166943609906
"Foghat",70.3034298278909
"Tower Of Power",70.236974362616
"Kenny Loggins",69.9975586429075
"Clarence Carter",68.9741049591203
"Eddie Money",68.2333192170149
"The New Seekers",68.2286260156613
"B.T. Express",68.1181642424365
"Freda Payne",67.6680186480186
"The Cars",67.322854561879
"Jerry Butler",67.273607599657
"Millie Jackson",67.2431457375629
"The Moments",67.1755999602638
"Brownsville Station",67.1386496827951
"Cheech & Chong",66.9106858137346
"Wet Willie",66.7715665542428
"Judy Collins",66.3829146730463
"Chairmen Of The Board",66.2735521986191
"Badfinger",66.148033126294
"Bob Welch",65.7662992176272
"Cornelius Brothers & Sister Rose",65.3507632244045
"The Trammps",65.3261160005264
"The Kinks",64.504209752351
"Love Unlimited Orchestra",64.3547184025125
"David Gates",64.3170359501101
"Johnny Nash",64.1569264069264
"Maxine Nightingale",63.6253475226719
"Don McLean",62.9960391802643
"Al Wilson",62.3492799396611
"Maureen McGovern",62.1797587279825
"Sugarloaf",62.0011291559466
"L.T.D.",61.3742811699579
"Stephen Bishop",61.2580168119552
"Poco",61.1878434697962
"Robert John",61.0634012034178
"Bloodstone",60.7087223497334
"Steppenwolf",60.2285787273586
"The Brothers Johnson",59.708875128999
"Edgar Winter",59.6594674401903
"Redbone",59.6437543133195
"The Impressions",59.3327555221205
"The Miracles",59.2604578754579
"Luther Ingram",58.8045103617653
"Ozark Mountain Daredevils",58.6403267003267
"Peter Brown",57.8198289651778
"Ronnie Dyson",57.7777197110828
"Mary MacGregor",57.6491417331997
"Andy Kim",57.5460846571197
"Edwin Starr",57.4537917966602
"The Raiders",57.2571222814404
"Ray Price",57.1757616629371
"The New Birth",57.1451529434573
"Al Stewart",57.0509916610322
"Silver Convention",56.9366946778711
"Tommy Roe",56.520721878173
"The Marshall Tucker Band",56.2458029689609
"Marilyn McCoo & Billy Davis Jr.",56.196164619694
"The Undisputed Truth",56.1152749832327
"Gallery",55.7005928853755
"Thelma Houston",55.3975352072974
"Stephen Stills",55.3250469518993
"Bobby Goldsboro",55.319311266252
"Gene Cotton",55.2628705957198
"Jethro Tull",55.259596880138
"Jr. Walker & The All Stars",55.2550945612359
"Wild Cherry",55.0751946417786
"Nitty Gritty Dirt Band",55.0065867167562
"Mark Lindsay",54.867380152688
"Dave Mason",54.3070709307939
"The Band",54.2498542400819
"Johnny Cash",54.2442932570689
"Dobie Gray",54.1822794829771
"Merle Haggard",54.1671797554447
"ZZ Top",54.1335882922309
"The Delfonics",53.9515664063113
"AWB",53.762868504045
"Johnny Mathis",53.497572892041
"Blondie",53.4537037037037
"Jennifer Warnes",53.2441467304625
"Detroit Emeralds",53.1490452054406
"Dorothy Moore",53.0610124230814
"Joe Tex",52.9529616724739
"Joan Baez",52.8001276483133
"Debby Boone",52.647027027027
"Ambrosia",52.5181354593119
"Lynn Anderson",52.2820481877194
"Eddie Rabbitt",52.264047256947
"The Poppy Family",52.0416909752407
"Andrew Gold",51.9487863204983
"KC & The Sunshine Band",51.6086956521739
"The Allman Brothers Band",51.4005205904698
"Gino Vannelli",51.3834238677989
"Art Garfunkel",51.2433525901894
"Alan Parsons Project",51.1637426969698
"Al Martino",51.1521811484754
"Tanya Tucker",51.1259052100546
"Kenny Nolan",50.996544482627
"The Three Degrees",50.9326738532404
"Starbuck",50.57905872786
"Rick Nelson",50.5259508035824
"Blood, Sweat & Tears",50.3271703020985
"Journey",50.1985875068546
"Manfred Mann's Earth Band",50.067043411284
"Billy Paul",50.0637816404173
"Cheap Trick",50.0004552323737
"The Hues Corporation",49.9476335181104
"Andrea True Connection",49.7352513227513
"The Knack",49.6363636363636
"Wayne Newton",49.5803575151136
"Five Man Electrical Band",49.2445948605488
"Ronnie Milsap",49.209175714279
"Nick Gilder",48.943496938828
"Suzi Quatro",48.8309608691962
"The Blackbyrds",48.7889635606217
"Sister Sledge",48.5179888126112
"Jermaine Jackson",48.2965405291217
"Exile",48.2857371337761
"Michael Johnson",48.250548245614
"J. Geils Band",48.2426379966453
"Michael Murphey",47.8736029262345
"Sonny & Cher",47.6640234765235
"Brick",47.5426155969634
"Betty Wright",47.4436891834595
"Parliament",47.3179548550634
"DeFranco Family",46.5377859477124
"Delaney & Bonnie",46.4965697128606
"Raydio",46.2999639249639
"King Floyd",46.238885274344
"Meat Loaf",46.1421911421911
"Jigsaw",46.1401899176093
"Crown Heights Affair",46.0915698865705
"Bo Donaldson & The Heywoods",45.8642375168691
"Loggins & Messina",45.2124055796413
"Bobbie Gentry",45.189616780424
"Rufus Thomas",45.1306996229577
"Meco",45.1085714285714
"The Intruders",45.1006645741301
"Charlie Daniels Band",44.6533672266431
"Stories",44.488253968254
"Dan Hill",44.3777251749585
"The Babys",44.2983384539988
"Elvin Bishop",44.2499786372916
"Denise LaSalle",44.2405062328975
"Charley Pride",44.2084783868212
"Blue Swede",44.1255574121506
"Quincy Jones",44.1247917090022
"Perry Como",43.805806225633
"Rhythm Heritage",43.6106382978723
"C. W. McCall",43.4322171486555
"Leon Russell",43.3082852180244
"Toto",43.3001984126984
"The Addrisi Brothers",43.1882357357357
"George McCrae",43.0411414558164
"Evelyn Champagne King",42.7468700737351
"David Soul",42.7219598140651
"John Travolta",42.7064159146301
"Walter Murphy",42.6168831168831
"The Ritchie Family",42.3113700025465
"Sam Neely",42.193830708796
"Buddy Miles",42.1346905192315
"Vicki Sue Robinson",42.0457237621417
"Andy Williams",41.9896000699444
"David Cassidy",41.7863252726411
"John Paul Young",41.7324675324675
"Stealers Wheel",41.4437798107749
"Austin Roberts",41.3909150326797
"Yes",41.2711339385252
"The Originals",41.2551148097114
"Love Unlimited",41.2421373044391
"Rick James",41.2062097936797
"Lighthouse",41.1843683989116
"First Choice",41.1372561873631
"Conway Twitty",41.1067333496295
"Frank Mills",40.8759057971015
"Maria Muldaur",40.8333333333333
"Bellamy Brothers",40.7634769220205
"Crosby, Stills, Nash & Young",40.4449134199134
"Samantha Sang",40.4174482924483
"MFSB",40.4128636069813
"David Ruffin",40.3016428302888
"Chuck Mangione",40.296830375357
"Robert Palmer",40.2837301587302
"Dr. John",40.2709858182914
"Beverly Bremers",40.2150793650794
"Tom T. Hall",40.1933931148217
"Hot",39.5850246779824
"Henry Gross",39.5765714481085
"Vanity Fare",39.3219233147805
"Salsoul Orchestra",39.1568447634237
"The Persuaders",39.11969739819
"Van McCoy",38.7308590770404
"Looking Glass",38.3106060606061
"Crow",38.1423510699827
"LeBlanc & Carr",38.1405677655678
"Frank Sinatra",38.0859429668568
"Edward Bear",38.04173290938
"Blue Magic",37.6226404976405
"The Free Movement",37.3738461538462
"Dickie Goodman",37.3386445175829
"Joe Walsh",37.2321335707645
"Bonnie Pointer",37.1990595611285
"Dennis Coffey & The Detroit Guitar Band",37.151275563989
"The Righteous Brothers",37.1508578431373
"The Honey Cone",37.14375
"Brook Benton",37.1373904288083
"Foxy",37.1111111111111
"Walter Egan",37.0039356984479
"Johnny Bristol",36.9337950296398
"B.W. Stevenson",36.7945207946934
"Jay Ferguson",36.7153097798259
"Burton Cummings",36.231095539678
"J.J. Cale",36.2069805194805
"Brenda & The Tabulations",36.1818318325985
"Funkadelic",36.177579996666
"Hudson Brothers",36.1321958743011
"Laura Lee",36.1094422459023
"Emerson, Lake & Palmer",36.0803679163973
"Ann Peebles",36.0720674234606
"The Crusaders",36.0709821329976
"Morris Albert",36.0631720430108
"Sylvia",36.0469877344877
"Rick Dees",36.0178571428571
"Jimmy Castor",35.9728260869565
"Cliff Richard",35.8027711323764
"Deep Purple",35.6939477189477
"Alicia Bridges",35.6813203300825
"Sammy Johns",35.6061085972851
"Chuck Berry",35.5664488017429
"Vicki Lawrence",35.538024691358
"Climax",35.3525641025641
"Taste Of Honey, A",35.2300495321959
"GQ",35.1833333333333
"Lamont Dozier",35.1832891246684
"The Brotherhood Of Man",35.17272102518
"Sylvester",35.1581871345029
"The James Gang",35.0675755141981
"Starland Vocal Band",35.0292360221938
"Alan O'Day",34.813698630137
"Janis Joplin",34.3919413919414
"The Marmalade",34.3800320128051
"Marie Osmond",34.225641025641
"The Amazing Rhythm Aces",34.2043650793651
"Nigel Olsson",34.173489908784
"Charles Wright & The Watts 103rd Street Band",34.1595319634703
"The Independents",34.1469573109817
"Waylon Jennings",34.1309475762229
"Van Halen",34.118253968254
"The Lettermen",34.1176131633583
"Enchantment",34.1147474747475
"Terry Jacks",33.8345389702273
"Rupert Holmes",33.7757936507937
"Commander Cody & His Lost Planet Airmen",33.6052150174491
"Paper Lace",33.5886089191774
"The Shocking Blue",33.4651605758582
"Norman Greenbaum",33.398316970547
"Anita Ward",33.2495894909688
"John Stewart",33.2492063492063
"Pilot",33.2340996168582
"Herbie Mann",33.1098901098901
"Jerry Lee Lewis",33.1075626175478
"The Whispers",33.0955390812424
"Teddy Pendergrass",33.0852235772358
"Donny Hathaway",33.0845104670245
"Tom Petty & The Heartbreakers",33.0663393964448
"Eric Burdon & War",32.7066666666667
"Brian Hyland",32.6851851851852
"Garfunkel",32.624821858568
"Ocean",32.5659081716989
"Billy Swan",32.3820581933789
"Dionne Warwicke",32.2465274632364
"Billy Crash Craddock",32.2363215488216
"Gene Chandler",32.2324032780637
"David Essex",32.2140845070423
"Willie Nelson",32.1339729921819
"Ramones",32.0969253256075
"Barbara Mason",32.0932470755051
"New York City",32.092987133604
"Crosby, Stills & Nash",31.7375415282392
"Deodato",31.5362950058072
"Sammy Davis Jr.",31.5217391304348
"Carl Douglas",31.4652777777778
"R. Dean Taylor",31.4570504541913
"Bobby Bloom",31.4101574500768
"Stampeders",31.350644028103
"Leon Haywood",31.1880680167478
"Bruce Springsteen",31.1769267924323
"Murray Head",31.1563706563707
"The Flaming Ember",31.1241087344029
"Paul Nicholas",31.1236210253082
"Starz",31.1189714727578
"Ted Nugent",31.1126320997011
"Dennis Yost & The Classics IV",31.1038885711094
"Fanny",31.0956703982335
"Jackie DeShannon",31.0755382223493
"The Ides Of March",30.7096889269406
"Herb Alpert",30.6
"Jessi Colter",30.4743453302374
"Nicolette Larson",30.3978163493841
"First Class",30.2902675886375
"Kiki Dee",30.1340497351851
"Bar-Kays",30.1193379597809
"Boney M",30.1120852187029
"George Baker Selection",30.1075859624247
"Amii Stewart",30.0144927536232
"The Captain & Tennille",29.6086956521739
"Lee Michaels",29.4668174962293
"The Friends Of Distinction",29.4395813047712
"Major Harris",29.4024654189038
"People's Choice",29.1279775685548
"Climax Blues Band",29.0825840825841
"Shirley Bassey",29.0741028708134
"Merry Clayton",29.0638942482904
"El Coco",29.0610987373282
"C.J. & Company",29.0277777777778
"William DeVaughn",28.9631782945736
"LaBelle",28.9097222222222
"John Travolta & Olivia Newton-John",28.75
"M",28.75
"100 Proof (Aged In Soul)",28.7438492063492
"Rickie Lee Jones",28.525
"The 8th Day",28.3568140720039
"Cheryl Lynn",28.2661290322581
"The Doors",28.2276673947428
"Rick Springfield",28.2019412643106
"Donnie Elbert",28.1888534860585
"Daniel Boone",28.1673418354589
"Brass Construction",28.1106442577031
"Blackfoot",28.0910931174089
"Faith, Hope & Charity",28.0696323529412
"Free",28.0204081632653
"The Archies",27.954318488529
"Eddie Holman",27.8496031746032
"Hurricane Smith",27.687074829932
"T. Rex",27.5621475953565
"Clint Holmes",27.4782608695652
"Minnie Riperton",27.4707602339181
"High Inergy",27.2612359550562
"Chris Rea",27.2175629534784
"Dire Straits",27.2111111111111
"Ian Matthews",27.2045302334481
"The Bells",27.1795347744361
"Fancy",27.1766917293233
"Mel And Tim",27.127485380117
"The Fortunes",27.0966845878136
"Jackie Moore",27.0904761904762
"Talking Heads",27.0743311036789
"John Miles",27.0701871657754
"Sami Jo",27.0693581780538
"Travis Wammack",27.065436876505
"Johnny Wakelin & The Kinshasa Band",27.047619047619
"The Sweet",27.0434782608696
"Jean Knight",27.0350877192982
"David Naughton",26.9
"Frijid Pink",26.8562465312465
"The Five Stairsteps",26.7924981522543
"Dave Edmunds",26.708717948718
"Brewer & Shipley",26.6569573283859
"Toby Beau",26.1713900134953
"King Harvest",26.1648351648352
"Odyssey",26.1127819548872
"Jud Strunk",26.1083777239709
"Barbara Mandrell",26.097857604362
"The Fuzz",26.094645705172
"El Chicano",26.0829365079365
"Keith Hampshire",26.0748106650067
"Focus",25.8236415007556
"Derek & The Dominos",25.8058823529412
"Dave Loggins",25.6397660818713
"Sammi Smith",25.150974025974
"Smokie",25.1347058823529
"Michael Nesmith & The First National Band",25.1333333333333
"Peter McCann",25.1272727272727
"Thin Lizzy",25.1093073593074
"Ten Years After",25.1092735160006
"Graham Central Station",25.0893395497024
"Bobby Bland",25.080928558415
"Ashford & Simpson",25.0795774197673
"Linda Clifford",25.0745851756763
"Flash Cadillac & The Continental Kids",25.0696256906952
"Isley Brothers",25.0615151515152
"Deniece Williams",25.053698630137
"Justin Hayward",25.0531914893617
"Bill Conti",25
"Edison Lighthouse",24.9985042735043
"Barbra & Neil",24.8823529411765
"Bonnie Tyler",24.5238095238095
"Mouth & MacNeal",24.4917574107683
"Mike Post",24.4857142857143
"Phoebe Snow",24.4507936507936
"David Geddes",24.4380341880342
"Nazareth",24.429347826087
"Joe South",24.2998575498575
"John Williams",24.2163461538462
"Runt",24.185823637477
"Blue �yster Cult",24.1801801801802
"Little Sister",24.1221590909091
"Donny & Marie",24.1215538847118
"Joey Heatherton",24.1063218390805
"Christie",24.0969565217391
"O.C. Smith",24.0888353956621
"Golden Earring",24.0879120879121
"The Sandpipers",24.0694618272841
"Barry De Vorzon & Perry Botkin, Jr.",24.0681818181818
"Coven",24.0648183964466
"Mountain",24.0607769423559
"Barbara Fairchild",24.0417763157895
"Randy Newman",24
"Gary Glitter",23.9506493506493
"Timmy Thomas",23.6933333333333
"Janis Ian",23.6666666666667
"Randy Vanwarmer",23.5
"Dramatics",23.457264957265
"Honey Cone",23.3596837944664
"Blues Brothers",23.1969111969112
"Ace",23.1948356807512
"J.D. Souther",23.1904761904762
"The Jaggerz",23.1514452214452
"Dan Fogelberg",23.1155913978495
"Uriah Heep",23.0945583625996
"Cate Bros.",23.0943223443223
"Disco Tex & The Sex-O-Lettes",23.0851449275362
"Roxy Music",23.0787878787879
"Chase",23.0778218694885
"Rick Derringer",23.0772548566142
"Head East",23.0696694136592
"The Meters",23.0619136107338
"T-Connection",23.0613354037267
"Shalamar",23.0526582278481
"Dr. Buzzard's Original Savannah Band",23.049537037037
"Petula Clark",23.0306791569087
"Blues Image",22.5956790123457
"Steve Martin",22.1564138475903
"Livingston Taylor",22.1121188770917
"Eruption",22.1111111111111
"The Presidents",22.105614973262
"Latimore",22.0915431560593
"April Wine",22.0900735294118
"Rockets",22.0862745098039
"Willie Hutch",22.0850102209403
"Syl Johnson",22.080787753698
"Santa Esmeralda",22.0794871794872
"Waylon & Willie",22.0638095238095
"Skylark",22.0634920634921
"Dusk",22.0539556438265
"Grateful Dead",22.0534524436245
"Wednesday",22.042069992554
"Dean Friedman",22.0384615384615
"Gary Toms Empire",22.036231884058
"Gallagher & Lyle",22.0353335363996
"John Sebastian",22.0105263157895
"Pratt & McClain",21.9995975855131
"Bobby Caldwell",21.7222222222222
"Carl Carlton",21.3553113553114
"Patti Smith Group",21.1760683760684
"Ace Frehley",21.1538461538462
"David Dundas",21.1176470588235
"Mary Hopkin",21.1104894605644
"The Tymes",21.1090282266753
"Genesis",21.1030855539972
"Jim Weatherly",21.1024033437827
"Jerry Wallace",21.094298245614
"Jay & The Americans",21.0877192982456
"Chilliwack",21.0871296578333
"Switch",21.0700483091787
"Silver",21.0625
"Prelude",21.0613275613276
"REO Speedwagon",21.0563751179122
"Triumph",21.0495716034272
"Marvin Hamlisch",21.0416666666667
"Claudja Barry",21.031746031746
"John Travolta, Olivia Newton-John",20.775
"Bobby 'Boris' Pickett",20.6
"Tony Camillo's Bazuka",20.6
"Jonathan Edwards",20.5
"Hot Butter",20.3333333333333
"Deliverance",20.2857142857143
"John Ono Lennon",20.1538461538462
"The Buoys",20.1295518207283
"Ramsey Lewis",20.125192740873
"The Floaters",20.125
"Matthews' Southern Comfort",20.1179939367051
"Robin McNamara",20.1159090909091
"Spyro Gyra",20.1055555555556
"Ecstasy, Passion & Pain",20.0910043297716
"Dan Hartman",20.0799545282304
"The Police",20.0760135135135
"The Soul Children",20.0732323232323
"The Wing And A Prayer Fife And Drum Corps",20.0714285714286
"Mandrill",20.0646037505176
"Lulu",20.0639730639731
"Hudson & Landry",20.0612175102599
"Slade",20.0586864154235
"Sammy Hagar",20.0574876736167
"The Gentrys",20.0562427685548
"Jim Gilstrap",20.0525077073464
"Redeye",20.0498575498575
"Loleatta Holloway",20.0400890241154
"Booker T. & The MG's",20.0353801169591
"Apollo 100",20.0344478216819
"Ben E. King",19.6619047619048
"Paul & Linda McCartney",19.3846153846154
"Daddy Dewdrop",19.2361111111111
"The Sanford/Townsend Band",19.2222222222222
"Patrick Hernandez",19.1875
"Faces",19.1593137254902
"The Assembled Multitude",19.1581845436376
"Pete Wingfield",19.1333333333333
"Keith Carradine",19.1176470588235
"Tammy Wynette",19.1130026354372
"Stargard",19.1066017316017
"Con Funk Shun",19.1036231884058
"Jack Blanchard & Misty Morgan",19.0997770345596
"Roger Voudouris",19.0952380952381
"Norman Connors",19.0946926307751
"Jackie Wilson",19.0789713116538
"Bobby Blue Bland",19.0766045548654
"Lindisfarne",19.0728011825573
"Hotel",19.071687532603
"Prism",19.0649613515643
"Donovan",19.0634199134199
"Stonebolt",19.0630541871921
"Chris Thompson",19.0588235294118
"The Spinners",19
"The Tee Set",18.7246913580247
"Mocedades",18.3986928104575
"McFadden & Whitehead",18.1538461538462
"Dwight Twilley Band",18.125
"Think",18.1058244462674
"Carol Douglas",18.1032547699214
"Shirley & Company",18.0943223443223
"Gayle McCormick",18.0794681508967
"Black Sabbath",18.0712484237074
"Vic Dana",18.0703309692671
"Mashmakhan",18.0645161290323
"John Fogerty",18.0613518027311
"Rose Colored Glass",18.058089668616
"Foster Sylvers",18.0563241106719
"Cashman & West",18.0539861895794
"Moon Martin",18.0533333333333
"Instant Funk",18.05
"The New Colony Six",18.0414303438497
"Evie Sands",18.04
"Roger Daltrey",18.0381177114877
"Jimmy Bo Horne",18.0263157894737
"Mungo Jerry",17.9487179487179
"The London Symphony Orchestra",17.6882352941176
"Rex Smith",17.45
"Argent",17.4
"Mike Oldfield",17.3928571428571
"The Chakachas",17.375
"R.B. Greaves",17.133386712655
"Freddie Hart",17.1176470588235
"Graham Nash & David Crosby",17.1142191142191
"White Plains",17.0891181988743
"Sutherland Brothers & Quiver",17.0871913580247
"Outlaws",17.0840216937839
"Tin Tin",17.0838983050847
"Wilton Place Street Band",17.0833333333333
"Graham Nash",17.0708414872798
"Cooper Brothers",17.0669831223629
"Brenda Russell",17.0666666666667
"Brooklyn Dreams",17.0654534887945
"Tuxedo Junction",17.0625
"The Mike Curb Congregation",17.0588235294118
"The Rascals",17.0579018540265
"Ram Jam",17.0555555555556
"Kraftwerk",17.0549253731343
"Street People",17.0486111111111
"Maynard Ferguson",17.0479094076655
"The Eleventh Hour",17.047001934236
"Kermit (Jim Henson)",17.04
"New England",17.0394927536232
"The Original Caste",17.0294117647059
"Alive & Kicking",17
"Ferrante & Teicher",16.7767676767677
"Reunion",16.4583333333333
"Larry Groce",16.4444444444444
"Sister Janet Mead",16.3269230769231
"Wadsworth Mansion",16.2857142857143
"Gwen McCrae",16.2539682539683
"Ronnie McDowell",16.1661918328585
"Sweet Sensation",16.1428571428571
"Cymarron",16.1384803921569
"The Blue Ridge Rangers",16.125
"Meri Wilson",16.1111111111111
"Chaka Khan",16.0952380952381
"Chanson",16.0952380952381
"Canned Heat",16.0882867132867
"Tommy James & The Shondells",16.087922705314
"Don Covay",16.0848385331144
"Gene Redding",16.0833333333333
"Bell & James",16.0666666666667
"France Joli",16.0666666666667
"The J. Geils Band",16.0666666666667
"Humble Pie",16.0658587987355
"Shirley Brown",16.0560928433269
"Arlo Guthrie",16.0555555555556
"Gary Puckett",16.0548681935676
"Bettye Swann",16.0534851621808
"Esther Phillips",16.05
"Love & Kisses",16.0454545454545
"Johnny Guitar Watson",16.0445922641045
"Little Jimmy Osmond",16.0432649420161
"Maze",16.0373972832467
"Holland-Dozier",16.0367746288799
"Paul Humphrey",16.0344827586207
"Otis Leavill",16.0297619047619
"Nite-Liters",16.025641025641
"Don Ray",16.0227272727273
"The Joneses",16.0212765957447
"Bobby Arvon",16.0138888888889
"Disco Tex And The Sex-O-Lettes",15.7666666666667
"William Bell",15.7666666666667
"Byron MacGregor",15.5833333333333
"Nick Lowe",15.25
"Sailcat",15.1666666666667
"Bobbi Martin",15.1641554321967
"Sniff 'n' the Tears",15.1333333333333
"Night",15.1111111111111
"Mac & Katie Kissoon",15.1
"Joe Jackson",15.0952380952381
"Lauren Wood",15.0833333333333
"Wilbert Harrison",15.0829081632653
"Pacific Gas & Electric",15.0821812596006
"Lenny Welch",15.0796568627451
"Pink Floyd",15.0769230769231
"Jeanne Pruett",15.0714285714286
"The Glass Bottle",15.0670498084291
"South Shore Commission",15.0666809970717
"Charlie",15.0641203703704
"Black Oak Arkansas",15.0624719101124
"The Cuff Links",15.0619383825417
"Cliff DeYoung",15.0588235294118
"Bullet",15.0565476190476
"Cledus Maggard",15.0526315789474
"Roger Whittaker",15.0526315789474
"Jimi Hendrix",15.0474118185983
"Sons Of Champlin",15.0337765957447
"The Raeletts",15.027658045977
"Edgar Winter's White Trash",15.0266313932981
"Silvetti",15.025641025641
"Gunhill Road",15.025
"Bulldog",15.0227272727273
"Le Pamplemousse",15.0172413793103
"Charlie Daniels",14.8333333333333
"Danny O'Keefe",14.6495726495726
"Les Crane",14.625
"Richie Havens",14.1875
"Godspell",14.1538461538462
"Lou Reed",14.125
"Stephanie Mills",14.0909090909091
"The Steve Miller Band",14.0869565217391
"Tim Moore",14.0764024333101
"Mott the Hoople",14.0748873873874
"Michel Polnareff",14.0744535519126
"Blue Haze",14.0740740740741
"The Beginning Of The End",14.0666666666667
"Five Flights Up",14.0652900091102
"Carl Graves",14.0640963855422
"Mickey Newbury",14.0614500442087
"Mass Production",14.0612175102599
"Angel",14.0584415584416
"The Road Apples",14.0571428571429
"Crabby Appleton",14.0555555555556
"Little Milton",14.0554239034871
"Jimmy Cliff",14.0512359550562
"Heaven Bound",14.0488028061614
"Pure Prairie League",14.0473463153876
"Roy Clark",14.045331043052
"Paul Stookey",14.0416666666667
"Chee-Chee & Peppy",14.0408163265306
"Fredrick Knight",14.037037037037
"Bobby Russell",14.0357142857143
"John Cougar",14.0357142857143
"The Lost Generation",14.0333333333333
"Paul Kelly",14.0330663911134
"Dottie West",14.0307174416158
"Ian Thomas",14.0294117647059
"Michael Zager Band",14.0277777777778
"Lou Christie",14.026198630137
"Bill Haley & His Comets",14.025641025641
"Herb Alpert And The TJB",14.0248917748918
"Elephant's Memory",14.02
"Louisiana's Le Roux",14.0169491525424
"Guy Drake",14.015873015873
"The Hillside Singers",13.1638461538462
"Brighter Side Of Darkness",13.125
"Peter Nero",13.0952380952381
"Q",13.0869565217391
"Loudon Wainwright III",13.0625
"Polly Brown",13.0625
"Procol Harum",13.0625
"Slave",13.0625
"Loretta Lynn",13.0618962170872
"Jody Miller",13.0597138710346
"Chi Coltrane",13.0588235294118
"Bill Cosby",13.0577639751553
"Buffy Sainte-Marie",13.0569280343716
"Little Richard",13.0565707133917
"Archie Bell & The Drells",13.0490099300781
"The Statler Brothers",13.0452354467927
"Cerrone",13.0420634920635
"Sugar Bears",13.0392156862745
"Tycoon",13.0384615384615
"The Ebonys",13.0343137254902
"Bunny Sigler",13.033565092304
"Faith Band",13.0316764132554
"Sha Na Na",13.0300865800866
"Hamilton, Joe Frank & Dennison",13.0288142620232
"Bloodrock",13.0277777777778
"Joe Stampley",13.027027027027
"Niteflyte",13.027027027027
"Dee Dee Warwick",13.0267857142857
"Grace Jones",13.0261326998133
"Celi Bee & The Buzzy Bunch",13.0243902439024
"Hagood Hardy",13.0243902439024
"Stillwater",13.0217391304348
"Musique",13.0172413793103
"Mary Kay Place",13.0166666666667
"Karen Young",13.0149253731343
"The Pipkins",12.9444444444444
"The Four Tops",12.9333333333333
"Tom Clay",12.4583333333333
"Ian Gomm",12.1111111111111
"Teegarden & Van Winkle",12.1028138528139
"Michael Parks",12.1
"Warren Zevon",12.0952380952381
"The Manhattan Transfer",12.0909090909091
"Cyndi Grecco",12.08
"Natural Four",12.0747202106649
"Doors",12.0714285714286
"Flash",12.0689655172414
"Robin Gibb",12.0666666666667
"Charlie Ross",12.064012490242
"Chuck Brown & The Soulsearchers",12.0588235294118
"Malo",12.0555555555556
"Gregg Allman",12.0526315789474
"Spirit",12.0501643508143
"Consumer Rapport",12.047619047619
"The Tarney/Spencer Band",12.047065337763
"Eddie Floyd",12.0444444444444
"Jefferson",12.0434782608696
"Seatrain",12.0408163265306
"Fotomaker",12.0405643738977
"Jim Capaldi",12.0394801075213
"T.G. Sheppard",12.039044834308
"Gonzalez",12.0384615384615
"Bobby Byrd",12.0376210958692
"City Boy",12.037037037037
"Lady Flash",12.037037037037
"Jane Olivor",12.036963036963
"Celebration",12.0357142857143
"Bonnie Raitt",12.0350877192982
"Frank Zappa",12.033850129199
"Ron Banks & The Dramatics",12.033622274757
"Cross Country",12.0333333333333
"Plastic Ono Band",12.0333333333333
"The Mystic Moods",12.0324563560364
"Melba Moore",12.0322656067337
"Alton McClain",12.03125
"John Phillips",12.03125
"Giorgio Moroder",12.030303030303
"Liz Damon's Orient Express",12.030303030303
"Al DeLory",12.0285714285714
"Blue Ridge Rangers",12.027027027027
"Bram Tchaikovsky",12.027027027027
"John Valenti",12.027027027027
"Freddie North",12.025641025641
"Sounds Of Sunshine",12.025641025641
"Teri DeSario",12.0232558139535
"Delegation",12.0222222222222
"Eydie Gorme",12.0222222222222
"The Rubinoos",12.0222222222222
"John Handy",12.0217391304348
"Paul Stanley",12.0217391304348
"Clean Living",12.0204081632653
"Leon & Mary Russell",12.0192307692308
"Henry Mancini, His Orchestra & Chorus",11.1538461538462
"Billy Ocean",11.0909090909091
"Jo Jo Gunne",11.0740740740741
"Benny Bell",11.0666666666667
"Quicksilver Messenger Service",11.0608163265306
"McGuinn, Clark & Hillman",11.0606060606061
"Herman Brood",11.0571428571429
"Lyn Collins",11.0535588442565
"Richie Furay",11.0512820512821
"Richard Harris",11.0487804878049
"David & Ansil Collins",11.0454545454545
"Fred Wesley",11.0454545454545
"Gladstone",11.0444444444444
"Margie Joseph",11.0358984312789
"Average White Band",11.0358695652174
"Rubicon",11.0357142857143
"The Neighborhood",11.0344827586207
"Funky Kings",11.0327868852459
"John & Ernest",11.0322580645161
"Potliquor",11.0307692307692
"Paul McCartney & Wings",11.030303030303
"Cheryl Ladd",11.0294117647059
"Pink Lady",11.027027027027
"Zwol",11.0264912280702
"The Jones Girls",11.0263157894737
"Herbie Hancock",11.0238095238095
"Marshall Hain",11.0232558139535
"The Mixtures",11.0227272727273
"Frankie Avalon",11.0217391304348
"Demis Roussos",11.0212765957447
"Jim Ed Brown",11.0212765957447
"Narada Michael Walden",11.0212765957447
"Jake Holmes",11.0204081632653
"Saint Tropez",11.0204081632653
"Mickey Gilley",11.02
"Desmond Child",11.0196078431373
"Mary Travers",11.0178571428571
"Pickettywitch",11.0149253731343
"Fantasy",11.012987012987
"The Delegates",10.625
"The Souther, Hillman, Furay Band",10.0740740740741
"The English Congregation",10.0689655172414
"Penny McLean",10.0625
"The Boys In The Band",10.0625
"Sweathog",10.0606060606061
"Smith",10.060210258044
"The Village Soul Choir",10.0545454545455
"Marilyn Sellars",10.0540540540541
"The Rubettes",10.0540540540541
"Emmylou Harris",10.0498673740053
"Billy Thorpe",10.0487804878049
"Sharon Paige & Harold Melvin & The Blue Notes",10.047619047619
"Whatnauts",10.0442865272443
"Charlene",10.0413445017182
"5000 Volts",10.0384615384615
"Dickey Lee",10.0384615384615
"Jeannie C. Riley",10.0373363053775
"Python Lee Jackson",10.0357142857143
"Pop-Tops",10.0350877192982
"Jefferson Airplane",10.0333333333333
"Springwell",10.0333333333333
"The Lovelites",10.0333333333333
"Sonny James",10.0332359520346
"Facts Of Life",10.0322580645161
"Biddu Orchestra",10.031432748538
"Narvel Felts",10.0310544053924
"Steve & Eydie",10.0294117647059
"Ironhorse",10.0277777777778
"Larry Santos",10.0277777777778
"Batdorf & Rodney",10.0259870064968
"Melba Montgomery",10.025641025641
"The JB's",10.0254516889238
"Ashton, Gardner & Dyke",10.025
"The Buggles",10.025
"Allan Clarke",10.0243902439024
"Gary's Gang",10.0243902439024
"Traffic",10.0242662016856
"Limmie & Family Cookin'",10.0238095238095
"Bimbo Jet",10.0232558139535
"AC/DC",10.0212765957447
"Funky Communication Committee",10.0212765957447
"Plastic Bertrand",10.0212765957447
"Cymande",10.0208333333333
"Sea Level",10.02
"Grover Washington Jr.",10.0185185185185
"Jane Birkin",10.0172413793103
"Tamiko Jones",10.0166666666667
"The South Side Movement",10.016393442623
"Clout",10.0149253731343
"Mighty Clouds Of Joy",10.0144927536232
"Machine",10.012987012987
"Andy Pratt",10.0128205128205
"Mama Cass Elliot",9.09163059163059
"Hotlegs",9.09090909090909
"The Pipes & Drums & Military Band of The Royal Scot Dragoon Guards",9.09090909090909
"Miguel Rios",9.07142857142857
"Francis Lai",9.06451612903226
"Ernie (Jim Henson)",9.0625
"Manu Dibango",9.05714285714286
"Mac McAnally",9.05405405405405
"Solomon Burke",9.05372191011236
"Martha Reeves & The Vandellas",9.04848853722865
"Arthur Alexander",9.04444444444444
"Shawn Phillips",9.04298198680221
"Afrique",9.04255319148936
"Shirley & Squirrely",9.04166666666667
"Mistress",9.04081632653061
"Steve Alaimo",9.03920534458509
"Casey Kelly",9.03846153846154
"Davy Jones",9.03846153846154
"The Tokens",9.0374460742019
"David Castle",9.0371777924653
"Emitt Rhodes",9.03703703703704
"Mesa",9.03636363636364
"Odia Coates",9.03606252902028
"Marilyn Scott",9.0327868852459
"The Raes",9.0327868852459
"Messengers",9.03225806451613
"Bill LaBounty",9.03076923076923
"Carlo Savina",9.03030303030303
"Firefly",9.02985074626866
"Linda Jones",9.02702702702703
"Stallion",9.02702702702703
"Johnny Rodgriguez",9.02605042016807
"Red Sovine",9.025
"Voyage",9.02439024390244
"Barry Mann",9.02357320099255
"Carroll O'Connor & Jean Stapleton (As The Bunkers)",9.02325581395349
"Louise Goffin",9.02325581395349
"Jonathan Cain",9.02272727272727
"Henry Mancini & His Orchestra",9.02222222222222
"Liquid Gold",9.02222222222222
"Don Harrison Band",9.02127659574468
"McGuinness Flint",9.02127659574468
"Cozy Powell",9.02040816326531
"Doris Duke",9.02
"Ian Lloyd",9.02
"Les Emmerson",9.01960784313725
"James Darren",9.01923076923077
"Sly Stone",9.01923076923077
"Double Exposure",9.01851851851852
"Susan Raye",9.01851851851852
"Freddy Robinson",9.01785714285714
"The Ovations",9.01785714285714
"The New Hope",9.01754385964912
"The Brecker Brothers",9.01724137931035
"Bill Amesbury",9.01694915254237
"Paul Williams",9.01666666666667
"Israel Popper Stopper Tolbert",9.01639344262295
"Valerie Simpson",9.01587301587302
"Arthur Prysock",9.015625
"Goose Creek Symphony",9.015625
"Sad Caf�",9.01408450704225
"The Band Of The Black Watch",9.01333333333333
"Danyel Gerard",9.01282051282051
"Pockets",9.01190476190476
"Bobby Bare",8.04878048780488
"Marty Robbins",8.04761904761905
"Bonnie Boyer",8.04651162790698
"Soul Train Gang",8.04594202898551
"Marc Tanner Band",8.04444444444444
"Z.Z. Hill",8.04388597149287
"Gene Simmons",8.04255319148936
"Third World",8.04255319148936
"Purple Reign",8.04166666666667
"The Nite-Liters",8.04081632653061
"Gladys Knight & the Pips",8.04
"Peter Skellern",8.04
"O.V. Wright",8.03703703703704
"Little Anthony & The Imperials",8.03336703741153
"Little Johnny Taylor",8.03333333333333
"Vincent Bell",8.03225806451613
"The Heywoods",8.03125
"Boomer Castleman",8.03030303030303
"Danny Holien",8.03030303030303
"Waldo De Los Rios",8.02985074626866
"Nolan",8.02857142857143
"Mother's Finest",8.02799406748239
"Fantastic Four",8.02702702702703
"Special Delivery",8.02666666666667
"Rush",8.02452153110048
"Joey Travolta",8.02325581395349
"Michael Franks",8.02325581395349
"Chris Hodge",8.02272727272727
"The McCrarys",8.02222222222222
"Charlie Kulis",8.02173913043478
"Giorgio",8.02173913043478
"Eloise Laws",8.02129828933953
"Tommy James & the Shondells",8.02127659574468
"Bert Sommer",8.02083333333333
"Fox",8.0188679245283
"Nino Tempo",8.0188679245283
"Fern Kinney",8.01851851851852
"Michel LeGrand",8.01785714285714
"Rainbow",8.01754385964912
"Terry Black",8.01754385964912
"Graham Parker",8.01724137931035
"Trooper",8.01694915254237
"Sherbet",8.01639344262295
"Gypsy",8.01612903225806
"Lunar Funk",8.01587301587302
"Cal Smith",8.015625
"Carrie Lucas as Carrie",8.015625
"John Rowles",8.015625
"The Real Thing",8.015625
"Errol Sober",8.01538461538462
"Laying Martine",8.01538461538462
"Joy Of Cooking",8.01515151515152
"Bobby Darin",8.01492537313433
"Tufano & Giammarese",8.01470588235294
"Kristy & Jimmy McNichol",8.01428571428571
"Doucette",8.01388888888889
"Kellee Patterson",8.01333333333333
"Splinter",8.01298701298701
"Don Goodwin",8.01162790697674
"C.C. & Company",8.01098901098901
"Michael (Martin) Murphey",7.05128205128205
"The Mob",7.05022908535551
"Willie Henderson",7.04937528225199
"Parker McGee",7.04761904761905
"Gordon Sinclair",7.04166666666667
"Wildfire",7.04081632653061
"Eddie & Dutch",7.03846153846154
"John Kay",7.03846153846154
"Salvage",7.03703703703704
"Pat Travers",7.03571428571429
"David & Jimmy Ruffin",7.0327868852459
"Bill Deal & The Rhondels",7.03225806451613
"P-Nut Gallery",7.03225806451613
"Crawler",7.03076923076923
"Nature's Divine",7.03076923076923
"Vigrass & Osborne",7.03076923076923
"The Bee Gees",7.02941176470588
"Traffic, Etc.",7.02941176470588
"Hello People",7.02816901408451
"Arkade",7.02676767676768
"Fools Gold",7.02631578947368
"Bill Brandon",7.025
"Henhouse Five Plus Too",7.025
"Brenda Lee",7.02459499263623
"Robin Trower",7.02439024390244
"Billy Joe Royal",7.02382302892796
"Kongas",7.02380952380952
"Bill Anderson",7.02325268817204
"The Sports",7.02222222222222
"Brother To Brother",7.02173913043478
"The Heart & Soul Orchestra",7.02173913043478
"Kate Taylor",7.02040816326531
"The Faragher Bros",7.02
"Michael Holm",7.0188679245283
"Merrilee Rush",7.01851851851852
"Waylon",7.01851851851852
"The Wombles",7.01818181818182
"Cindy Bullens",7.01785714285714
"The Incredible Bongo Band",7.01754385964912
"Oak",7.01724137931035
"Brian Protheroe",7.01666666666667
"Space",7.01666666666667
"Rick Cunha",7.01639344262295
"The Tubes",7.01639344262295
"Mike Kennedy",7.01612903225806
"Hair (Original Soundtrack Recording)",7.015625
"Lois Fletcher",7.015625
"Roy Rogers",7.01538461538462
"Major Lance",7.01492537313433
"Rod Hart",7.01492537313433
"Dynamic Superiors",7.01470588235294
"Sweet Dreams",7.01470588235294
"Carole Bayer Sager",7.01449275362319
"Creative Source",7.01449275362319
"The Kendalls",7.01449275362319
"Carrie Lucas",7.01428571428571
"John Kongos",7.01428571428571
"James Walsh Gypsy Band",7.01408450704225
"Stoney & Meatloaf",7.01408450704225
"John Baldry",7.01369863013699
"Ten Wheel Drive",7.01351351351351
"Nina Simone",7.01315789473684
"The Peppers",7.01315789473684
"Johnny Williams",7.01282051282051
"Ponderosa Twins + One",7.01282051282051
"Uncle Dog",7.01162790697674
"Mr. Big (1977)",7.01149425287356
"David Laflamme",7.01123595505618
"Country Joe McDonald",7.01086956521739
"Bob Marley & The Wailers",6.05882352941176
"Diamond Reo",6.04545454545455
"Ian Hunter",6.04411764705882
"Gino Soccio",6.04166666666667
"Hoyt Axton",6.03703703703704
"Tony Orlando",6.03703703703704
"The Records",6.03571428571429
"Steve Dahl",6.03448275862069
"Jose Feliciano",6.03436962134251
"The Illusion",6.03290816326531
"George Perkins& The Silver Stars",6.0327868852459
"Katfish",6.03225806451613
"Turley Richards",6.03210678210678
"Blue Mink",6.03125
"Oscar Brown Jr.",6.02898550724638
"NRBQ",6.02857142857143
"East L.A. Car Pool",6.02777777777778
"The Magic Lanterns",6.02702702702703
"N.F. Porter",6.02597402597403
"Tommy Cash",6.0253164556962
"Richard Cocciante",6.02439024390244
"Odds & Ends",6.02409638554217
"Bob Seger System",6.02380952380952
"Donny Gerrard",6.02298850574713
"Northern Light",6.02272727272727
"Today's People",6.02222222222222
"Steam",6.02173913043478
"Attitudes",6.02127659574468
"Hodges, James & Smith",6.02083333333333
"Cold Blood",6.01923076923077
"Beckmeier Brothers",6.0188679245283
"George Duke",6.01851851851852
"Kayak",6.01818181818182
"B.C. (Bob Crewe) Generation",6.01785714285714
"Conway Twitty & Loretta Lynn",6.01785714285714
"Ace Spectrum",6.01754385964912
"Earnest Jackson",6.01724137931035
"Lee Garrett",6.01724137931035
"Lee Oskar",6.01694915254237
"Airwaves",6.01612903225806
"Blackjack",6.01612903225806
"Klaatu",6.01612903225806
"Percy Sledge",6.01612903225806
"King Curtis",6.015625
"Diana Williams",6.01515151515152
"Iron Butterfly",6.01515151515152
"Nazz",6.01515151515152
"Diane Kolby",6.01492537313433
"Razzy",6.01492537313433
"Ripple",6.01492537313433
"Witch Queen",6.01470588235294
"Gaylord & Holiday",6.01388888888889
"Spiral Starecase",6.01388888888889
"Crystal Mansion",6.01369863013699
"Grin",6.01333333333333
"Sun",6.01315789473684
"The Coasters",6.01315789473684
"Tyrannosaurus Rex",6.01315789473684
"David Bellamy",6.01298701298701
"Little Carl Carlton",6.01282051282051
"Dooley Silverspoon",6.0125
"Jean Shepard",6.01234567901235
"Peter Shelley",6.01234567901235
"The Stairsteps",6.01234567901235
"John LiVigni",6.01204819277108
"Savoy Brown",6.01204819277108
"Stark & McBrien",6.01176470588235
"Donald Byrd",6.01136363636364
"Mike Reilly",6.01136363636364
"Bang",6.01111111111111
"Baron Stewart",6.01098901098901
"The Glitter Band",6.01098901098901
"The Heyettes",6.01098901098901
"Universal Robot Band",6.01075268817204
"Johnny Winter",5.04421104054714
"The Blend",5.04395604395604
"Glenn Sutton",5.04347826086957
"Kim Carnes",5.03571428571429
"Lenny LeBlanc",5.03448275862069
"Tasha Thomas",5.03296703296703
"Bruce Foster",5.03174603174603
"Lana Cantrell",5.03174603174603
"The Satisfactions",5.03147163120567
"Judy Cheeks",5.03076923076923
"The Wackers",5.03076923076923
"Philly Cream",5.02985074626866
"The Headboys",5.02985074626866
"Arpeggio",5.02857142857143
"Pat Lundi",5.02564102564103
"Feather",5.0253164556962
"Euclid Beach Band",5.02469135802469
"Peter Tosh",5.02469135802469
"Barry DeVorzon & Perry Botkin, Jr.",5.02439024390244
"Buckwheat",5.02380952380952
"Sundown Company",5.02380952380952
"Blue",5.02272727272727
"Gene Pitney",5.02247191011236
"The Glass House",5.02222222222222
"The Association",5.02197802197802
"Greg Lake",5.02151532677848
"Raiders",5.02061855670103
"Five Special",5.01818181818182
"Bro Smith",5.01754385964912
"Kenny Starr",5.01724137931035
"Suzy & The Red Stripes (Linda McCartney & Wings)",5.01694915254237
"Mick Jackson",5.01639344262295
"Buckeye",5.01587301587302
"Cotton, Lloyd & Christian",5.01515151515152
"Peter Gabriel",5.01470588235294
"Alive 'N Kickin'",5.01449275362319
"Chocolate Milk",5.01449275362319
"Gary Tanner",5.01449275362319
"Bob Weir",5.01428571428571
"Cazz",5.01428571428571
"Carolyne Mas",5.01408450704225
"Frankie Miller (of 1977)",5.01408450704225
"Maceo & The Macks",5.01408450704225
"Grand Canyon",5.01388888888889
"Kathy Dalton",5.01388888888889
"Syndicate Of Sound",5.01369863013699
"Audience",5.01351351351351
"Don Brown",5.01351351351351
"The Newcomers",5.01351351351351
"Ronnie Hawkins",5.01333333333333
"Shoes",5.01333333333333
"Dusty Springfield",5.01315789473684
"Martha Reeves",5.01315789473684
"Billie Jo Spears",5.01282051282051
"Dan Peek",5.01282051282051
"Hank Wilson (Leon Russell)",5.01282051282051
"Painter",5.0126582278481
"The Rattles",5.0126582278481
"Easy Street",5.01234567901235
"Gibson Brothers",5.01234567901235
"New Riders of the Purple Sage",5.01234567901235
"Goody Goody",5.01219512195122
"The Newbeats",5.01219512195122
"Carlos Santana",5.01190476190476
"Debbie Campbell",5.01190476190476
"Orsa Lia",5.01190476190476
"The Continental 4",5.01190476190476
"The Keane Brothers",5.01190476190476
"Dick Feller",5.01176470588235
"Yvonne Fair",5.01176470588235
"Bama",5.01162790697674
"Bill Quateman",5.01162790697674
"Don Fardon",5.01162790697674
"L.A. Jets",5.01162790697674
"Cooker",5.01136363636364
"Ian Lloyd & Stories",5.01136363636364
"Donna McDaniel",5.01111111111111
"Jamestown Massacre",5.01111111111111
"Susan Jacks",5.01111111111111
"Bob McGilpin",5.01098901098901
"Christopher Paul & Sean",5.01098901098901
"Nektar",5.01098901098901
"Shirley Caesar",5.01098901098901
"Terry Bradshaw",5.01098901098901
"Bumble Bee Unlimited",5.01086956521739
"J. Frank Wilson & The Cavaliers",5.01086956521739
"Tom Powers",5.01086956521739
"George Fischoff",5.01075268817204
"The Move",5.01075268817204
"Heartsfield",5.01052631578947
"Jimmy Dean",4.05714285714286
"C Company",4.05405405405405
"Kenny Karen",4.03658536585366
"T.M.G.",4.03296703296703
"Ellen Foley",4.03260869565217
"Faron Young",4.03260869565217
"Jerry Naylor",4.02898550724638
"Sarah Dash",4.02816901408451
"Gabriel",4.02739726027397
"The Rowans",4.02702702702703
"Ronnie Spector",4.02597402597403
"Brown Sugar",4.0253164556962
"Karen Nelson & Billy T",4.0253164556962
"The Deadly Nightshade",4.0253164556962
"The Goodies",4.0253164556962
"Original Cast (Kacey Cisyk)",4.025
"Kevin Lamb",4.02439024390244
"British Lions",4.02298850574713
"Keith Herman",4.02298850574713
"Mavis Staples",4.02298850574713
"Billie Sans",4.02197802197802
"Lena Zavaroni",4.02197802197802
"Philadelphia International All Stars",4.02197802197802
"The Choice Four",4.02197802197802
"Andy & David Williams",4.02173913043478
"Jack Wild",4.02173913043478
"The Intrigues",4.02162790697674
"Walter Jackson",4.02150537634409
"Dana Valery",4.02105263157895
"Tony Cole",4.02061855670103
"C.C.S.",4.01724137931035
"Paula Webb",4.01666666666667
"LaVerne & Shirley",4.01538461538462
"Nancy Brooks",4.01515151515152
"Southside Johnny",4.01408450704225
"John Dawson Read",4.01388888888889
"Randy Brown",4.01388888888889
"Steve Gibbons Band",4.01388888888889
"Joey Scarbury",4.01369863013699
"Kevin Johnson",4.01369863013699
"Cody Jameson",4.01351351351351
"Herb Alpert & The Tijuana Brass",4.01351351351351
"Taka Boom",4.01351351351351
"Flash & The Pan",4.01315789473684
"Karla Bonoff",4.01315789473684
"Wendy Waldman",4.01315789473684
"Bandit",4.01298701298701
"The Fabulous Rhinestones",4.01282051282051
"American Flyer",4.0125
"Southcote",4.0125
"Fabulous Poodles",4.01234567901235
"Lazy Racer",4.01234567901235
"The Electric Express",4.01234567901235
"Rusty Wier",4.01219512195122
"Champagne",4.01204819277108
"Pousette-Dart Band",4.01204819277108
"James Last",4.01190476190476
"Larry Gatlin",4.01190476190476
"Al Downing",4.01176470588235
"Cleddus Maggard",4.01176470588235
"Kate Bush",4.01176470588235
"Les McCann & Eddie Harris",4.01176470588235
"Michael Redway",4.01176470588235
"Broadway",4.01162790697674
"Bryan Ferry",4.01162790697674
"Johnny Rodriguez",4.01162790697674
"The Fantastics",4.01162790697674
"The Youngbloods",4.01162790697674
"Napoleon XIV",4.01149425287356
"Tony Burrows",4.01149425287356
"Dorothy Norwood",4.01136363636364
"Drupi",4.01136363636364
"Magic Lanterns",4.01136363636364
"John Belushi",4.01123595505618
"John Davis",4.01123595505618
"Nolan Porter",4.01123595505618
"Anacostia",4.01111111111111
"Berlin Philharmonic",4.01111111111111
"Simon Stokes",4.01111111111111
"Circus",4.01098901098901
"Houston Person",4.01098901098901
"National Lampoon",4.01098901098901
"Whirlwind",4.01098901098901
"Belle Epoque",4.01086956521739
"Gary & Dave",4.01086956521739
"Prince",4.01086956521739
"Randy Edelman",4.01086956521739
"Anson Williams",4.01075268817204
"April Stevens",4.01075268817204
"Ballin' Jack",4.01075268817204
"Julie",4.01075268817204
"David Blue",4.01063829787234
"Johnny T. Angel",4.01063829787234
"The Atlanta Disco Band",4.01063829787234
"The Hollywood Stars",4.01063829787234
"The Reflections",4.01063829787234
"Duke & The Drivers",4.01052631578947
"Betty Everett",4.01041666666667
"Cochise",4.01041666666667
"Vikki Carr",4.01041666666667
"S.S.O.",4.01010101010101
"Sweeney Todd",3.03232323232323
"Cheri & Marie Currie",3.03157894736842
"Jerry Jeff Walker",3.03061224489796
"Fire & Rain",3.03
"Dion",3.02666666666667
"Frannie Golde",3.02631578947368
"The Caboose",3.0253164556962
"Ray Sawyer",3.02469135802469
"Liquid Smoke",3.02439024390244
"Geils",3.02409638554217
"Brainstorm",3.02325581395349
"Reuben Howell",3.02325581395349
"Andy Fairweather Low",3.02298850574713
"Fabulous Counts",3.02272727272727
"Cool Heat",3.02247191011236
"Spellbound",3.02247191011236
"Delbert McClinton",3.02222222222222
"Love Childs Afro Cuban Blues Band",3.02222222222222
"Barbara & The Uniques",3.02197802197802
"Chicory",3.02197802197802
"Steve Sperry",3.02197802197802
"Lea Roberts",3.02173913043478
"Gene & Jerry",3.02127659574468
"Country Coalition",3.02083333333333
"Smokey",3.02083333333333
"The Barron Knights",3.01428571428571
"Cory Daye",3.01315789473684
"King Crimson",3.0125
"Tom Scott",3.0125
"London Symphony Orchestra",3.01234567901235
"The Mamas & The Papas",3.01234567901235
"Ultimate",3.01219512195122
"Lake",3.01204819277108
"Robert Gordon",3.01204819277108
"Pages",3.01190476190476
"Cannonball Adderley",3.01162790697674
"Jesse Winchester",3.01162790697674
"Juice Newton",3.01162790697674
"The Dirt Band",3.01162790697674
"Bobby Vee",3.01136363636364
"Michael Henderson",3.01136363636364
"Cory",3.01123595505618
"David Crosby/Graham Nash",3.01123595505618
"Long John Baldry",3.01123595505618
"Continental Miniatures",3.01111111111111
"Miss Abrams",3.01111111111111
"Tex Ritter",3.01111111111111
"The Jazz Crusaders",3.01111111111111
"Bobby (Boris) Pickett",3.01098901098901
"Gabriel Kaplan",3.01098901098901
"Tim Curry",3.01098901098901
"Tim Davis",3.01098901098901
"Billy Thunderkloud & The Chieftones",3.01086956521739
"Ellison Chase",3.01086956521739
"Frank Lucas",3.01086956521739
"Genya Ravan",3.01086956521739
"Martin Mull",3.01086956521739
"Reparata",3.01086956521739
"Nancy Wilson",3.01075268817204
"Current",3.01063829787234
"Daybreak",3.01063829787234
"Don Nix",3.01063829787234
"Etta James",3.01063829787234
"Jimmy James",3.01063829787234
"Michael Zager's Moon Band",3.01063829787234
"Andre Gagnon",3.01052631578947
"Ralph Carter",3.01052631578947
"Hot Sauce",3.01041666666667
"Ja-Kki",3.01041666666667
"Morning Mist",3.01041666666667
"Ozo",3.01041666666667
"Steve Harley & Cockney Rebel",3.01041666666667
"Donny Most",3.01030927835052
"Maggie Bell",3.01030927835052
"Love",3.01010101010101
"Derringer",2.02325581395349
"The Wonder Band",2.02298850574713
"Sunshine Band",2.02272727272727
"Albert King",2.02197802197802
"Dunn & McCashen",2.02197802197802
"Johnny Paycheck",2.02197802197802
"The Brooklyn Bridge",2.02197802197802
"Cissy Houston",2.02173913043478
"Lally Stott",2.02173913043478
"Laura Nyro",2.02173913043478
"The Box Tops",2.02173913043478
"The Dillards",2.02173913043478
"Billy Lee Riley",2.02150537634409
"Jamul",2.02150537634409
"Snail",2.02150537634409
"The Temprees",2.02150537634409
"Bones",2.02127659574468
"Mark-Almond",2.02127659574468
"Neon Philharmonic",2.02127659574468
"Jesse Anderson",2.02105263157895
"Rock Flowers",2.02105263157895
"Spin",2.02105263157895
"The Klowns",2.02105263157895
"Rotary Connection",2.02083333333333
"Oliver",2.02061855670103
"Brooklyn Bridge",2.02040816326531
"Bobby Moore",2.02020202020202
"Dorothy Morrison",2.02020202020202
"Brian Auger And The Trinity",2.02
"Danny White",2.02
"Peter Yarrow",2.02
"The Lovers",2.02
"The Philarmonics",2.02
"The Turtles",2.02
"Idris Muhammad",2.01315789473684
"Terry Cashman",2.0126582278481
"Grey & Hanks",2.01204819277108
"Ginger Baker's Air Force",2.01176470588235
"The Flamingos",2.01162790697674
"The Flying Machine",2.01149425287356
"Bob James",2.01136363636364
"McKinley Travis",2.01098901098901
"Scott English",2.01098901098901
"U.S. 1",2.01098901098901
"Liner",2.01086956521739
"Jim Campbell",2.01075268817204
"The Courtship",2.01075268817204
"D.C. LaRue",2.01063829787234
"Impact",2.01063829787234
"Jerry Garcia",2.01063829787234
"The Searchers",2.01063829787234
"Tony Joe White",2.01063829787234
"Wilson Brothers",2.01063829787234
"Blaze",2.01052631578947
"Philly Devotions",2.01052631578947
"The Flame",2.01052631578947
"Bill Wray",2.01041666666667
"Automatic Man",2.01030927835052
"Italian Asphalt & Pavement Company",2.01030927835052
"Jimmy Ruffin",2.01030927835052
"Kerry Chater",2.01030927835052
"Owen B.",2.01030927835052
"PG&E",2.01030927835052
"D. J. Rogers",2.01020408163265
"Hamilton Bohannon",2.01020408163265
"Hog Heaven",2.01020408163265
"Revelation",2.01020408163265
"The Champs' Boys Orchestra",2.01020408163265
"The Monkees",2.01020408163265
"Billy Lemmons",1.01075268817204
"Rozetta Johnson",1.01063829787234
"David Crosby",1.01052631578947
"Moonlion",1.01052631578947
"Charles Wright & The Watts 103rd Street Rhythm Band",1.01041666666667
"Osmond Brothers",1.01041666666667
"Roy Head",1.01041666666667
"The Chambers Brothers",1.01041666666667
"The Byrds",1.01030927835052
"Banzaii",1.01020408163265
"Canyon",1.01020408163265
"Clarence Reid",1.01010101010101
"Ray Charles Singers",1.01010101010101
"The Kimberlys",1.01010101010101
"Archie Bell And The Drells",1.01
"Debbie Taylor",1.01
"Howard Tate",1.01
"Jimmy Beaumont",1.01
"The 21st Century",1.01
"The Clique",1.01
