"Artist","sum"
"Elvis Presley",248.031862899045
"Pat Boone",229.713127500628
"Fats Domino",159.724947951042
"Johnny Mathis",146.482616076734
"Harry Belafonte",106.049595959596
"Perry Como",102.110902914292
"Little Richard",90.9405139833711
"The Platters",85.3104603729604
"Ricky Nelson",74.5760204263193
"Nat King Cole",74.4340613617512
"Patti Page",71.7910885417944
"Steve Lawrence",69.8482748341903
"The Everly Brothers",69.1709401709402
"Frank Sinatra",66.7738142653932
"The Ames Brothers",66.3822916666667
"Jimmy Dorsey",64.7974481658692
"Jimmie Rodgers",63.4047619047619
"Andy Williams",63.1838235294118
"The Coasters",62.2752403846154
"Bobby Helms",61.8445479641132
"The Diamonds",60.5331293706294
"Tab Hunter",59.3124426545479
"Chuck Berry",58.1830296896086
"The Dell-Vikings",55.2643369175627
"Larry Williams",52.6746031746032
"Buddy Knox",51.8937198067633
"The Hilltoppers",50.0478761049451
"Ferlin Husky",46.7249802994484
"Tommy Sands",46.628040796964
"Johnnie Ray",44.9950191570881
"Jim Lowe",43.2351605758583
"Bing Crosby",43.1110600743954
"Sam Cooke",43.029012345679
"Frankie Laine",42.147619047619
"Charlie Gracie",41.7824668599834
"Debbie Reynolds",41.1612903225806
"Teresa Brewer",40.3998397435897
"Sonny James",40.2413457556936
"Betty Johnson",38.6401443001443
"Guy Mitchell",37.9090600826334
"Sal Mineo",37.8604288499025
"Jill Corey",37.1665983139667
"Roger Williams",37.1121212121212
"Gale Storm",36.6243266134571
"Billy Williams",36.2791973244147
"Billy Ward & His Dominoes",36.1333333333333
"The Four Coins",36.1266233766234
"Clyde McPhatter",36.1222539688463
"Paul Anka",35.1482403128333
"Tony Bennett",34.2512185714951
"The Four Lads",34.2334267040149
"Victor Young & His Singing Strings",34.0769230769231
"Bill Doggett",33.0819583401673
"Jerry Lee Lewis",32.7701149425287
"Mantovani & His Orchestra",32.0833333333333
"Jane Morgan",31.2955665024631
"Bonnie Guitar",30.6352966282544
"Marty Robbins",30.3461538461538
"Dinah Shore",30.1718344774981
"Jimmy Bowen",30.1048454469507
"LaVern Baker",29.1551987389531
"Ernie Freeman",29.1522222222222
"Chris Connor",29.0399380804954
"Rusty Draper",27.8635648942253
"Ralph Marterie & His Orchestra",27.765
"Lee Andrews & The Hearts",27.0944444444444
"Buddy Holly",27.0909090909091
"The Crickets",27.0909090909091
"Joe Bennett & The Sparkletones",27.0826330532213
"The Bobbettes",26.8333333333333
"Russ Hamilton",26.2934782608696
"Chuck Willis",26.0833333333333
"Vic Damone",26.0786290322581
"The Rays",25.1666666666667
"Mickey & Sylvia",25.1239503925361
"Four Aces",25.0484192618881
"The Tarriers",25.0394736842105
"Bill Justis",25
"Don Rondo",24.9829118250171
"Billy Vaughn & His Orchestra",23.5650717703349
"Will Glah� & His Orchestra",23.125
"Marvin Rainwater",23.0663082437276
"Terry Gilkyson & The Easy Riders",22.9342105263158
"Johnnie & Joe",22.5795454545455
"Jim Reeves",22.0909090909091
"Sarah Vaughan",22.0758157118876
"Kay Starr",21.8099949264333
"The Tune Weavers",21.3052631578947
"The Chordettes",21.138698630137
"Lloyd Price",21.0458463949843
"Bobby Blue Bland",21.0232558139535
"Thurston Harris",20.4411764705882
"Fontane Sisters",20.090811965812
"Dick Jacobs",20.0840164124223
"The Dubs",20.0573671497585
"Margie Rayburn",19.6374269005848
"Gene Vincent & His Blue Caps",19.1538461538462
"Dale Hawkins",19.0740740740741
"Eddie Cochran",19.0677506775068
"Jimmy Reed",19.0466346153846
"The Heartbeats",19.0316884373488
"Buchanan & Goodman",18.0868055555556
"Della Reese",18.0833333333333
"Jodie Sands",18.0666666666667
"Brenda Lee",18.0371447028424
"Janice Harper",18.0336438923395
"Tennessee Ernie Ford",17.0764778900872
"Shepherd Sisters",17.0555555555556
"Frankie Lymon & The Teenagers",17.05
"Roy Brown",17.0457187136769
"The Five Keys",17.0430641821946
"The Five Satins",17.04
"Doris Day",17.030578898226
"Rosemary Clooney",16.725
"Patsy Cline",16.0833333333333
"Stan Freberg",16.07125
"Lieutenant Buddy Knox",16.0588235294118
"Clarence Henry Frog Man",16.05
"Jimmy Newman",16.0434782608696
"Ivory Joe Hunter",16.0232558139535
"Carol Jarvis",16.0208333333333
"Ken Copeland",15.0833333333333
"Eydie Gorme",15.0759192065796
"Leroy Van Dyke",15.0526315789474
"Nat King Cole & The Four Knights",15.047619047619
"Little Joe & The Thrillers",15.0454545454545
"Russell Arms",15.0454545454545
"The McGuire Sisters",15.044948630137
"Ray Charles",15.0294117647059
"Timmie Oh Yeah! Rogers",15.0277777777778
"Eileen Rodgers",14.0567657896033
"George Hamilton IV",14.042803030303
"Billy Myles",14.04
"David Rose & His Orchestra",14.0357142857143
"Lou Stein",14.0322580645161
"Les Paul & Mary Ford",14.0285714285714
"The Jive Bombers",14.0277777777778
"Del Vikings",13.0833333333333
"Jimmy Dean",13.0461753731343
"Jerry Vale",13.0444444444444
"Techniques",13.0344827586207
"Huey (Piano) Smith",13.0192307692308
"Norman Petty Trio",13.0178571428571
"Rick Nelson",12.1428571428571
"The Crew-Cuts",12.0588235294118
"David Seville",12.0367965367965
"Bill Hayes",12.030303030303
"Mindy Carson",12.0294117647059
"Jo Stafford",12.0188679245283
"The Four Preps",12.0178571428571
"The 5 Royales",12.0151515151515
"Tony Perkins",11.0416666666667
"Randy Starr",11.03125
"Bill Haley & His Comets",11.0309523809524
"Johnny Dee",11.0263157894737
"The Gladiolas",11.0243902439024
"Percy Faith",11.015873015873
"Fess Parker",10.0833333333333
"Dave Gardner",10.0454545454545
"Mitchell Torok",10.04
"The Four Esquires",10.04
"David Carroll & His Orchestra",10.0332417582418
"Jackie Wilson",10.0322580645161
"Nick Todd",10.0243902439024
"The Cellos",10.0161290322581
"Lillian Offitt",10.0151515151515
"Mello-Kings",10.012987012987
"Nick Noble",9.07702702702703
"Ruth Brown",9.04
"The Beverley Sisters",9.02439024390244
"Noble Thin Man Watts",9.02272727272727
"Ted Newman",9.02222222222222
"The Lovers",9.02083333333333
"Nappy Brown",9.01754385964912
"Patience & Prudence",9.01369863013699
"Webb Pierce",9.01369863013699
"Shirley & Lee",8.02631578947368
"Mills Brothers",8.02564102564103
"Dick Contino",8.02380952380952
"Don Cornell",8.02127659574468
"Ron Goodwin & His Orchestra",8.01923076923077
"Vera Lynn",8.01818181818182
"Bobby Day",8.01754385964912
"Sylvia Syms",8.01470588235294
"Joy Layne",7.05
"The Mello-Tones",7.04166666666667
"Wingy Manone",7.01785714285714
"Bob Carroll",7.01639344262295
"Carl Perkins",7.01492537313433
"Johnny Cash",6.03282828282828
"Tom Edwards",6.02796052631579
"The Drifters",6.02715098147129
"Lawrence Welk",6.02083333333333
"Eddy Arnold",6.01960784313725
"Annie Laurie",6.01639344262295
"Donnie Elbert",6.01639344262295
"Armenian Jazz Sextet",6.01492537313433
"The Chantels",6.01408450704225
"The Moonglows",6.01369863013699
"Little Junior Parker",6.01351351351351
"Owen Bradley Quintet",5.05555555555556
"Chas. McDevitt Skiffle Group",5.025
"Joe Reisman",5.01818181818182
"Warner Mack",5.01639344262295
"Ray Price",5.01587301587302
"Steve Gibson & The Red Caps",5.01587301587302
"The Norman Petty Trio",5.01234567901235
"Tony Martin",5.01219512195122
"Burl Ives",5.01190476190476
"Buchanan & Ancell",5.01176470588235
"Georgia Gibbs",4.02557544757033
"Ruby Wright",4.02439024390244
"Micki Marlo",4.01818181818182
"The Lane Brothers",4.015625
"Paul Gayten",4.01470588235294
"Doc Bagby",4.01449275362319
"Ray Conniff",4.01369863013699
"The Velours",4.01204819277108
"Joyce Hahn",4.01190476190476
"The Charts",4.01136363636364
"Eddie Fisher",3.03169326241135
"Cozy Morley",3.01612903225806
"Johnny Janis",3.01587301587302
"The Spaniels",3.01449275362319
"Frank Pizani",3.01428571428571
"Gene Autry",3.01428571428571
"Gene Austin",3.01333333333333
"Betty Madigan",3.01282051282051
"The Six Teens",3.0125
"The Harvey Boys",3.01190476190476
"Billy Leach",3.01162790697674
"Tab Smith (His Fabulous Alto & His Band)",3.01123595505618
"Tony Harris",3.01123595505618
"Slim Whitman",3.01075268817204
"Johnny Desmond",2.01612903225806
"Warren Smith",2.01388888888889
"Crest's",2.01162790697674
"The Silva-Tones",2.01162790697674
"The Schoolboys",2.01098901098901
"The Easy Riders",2.01041666666667
"Clyde Stacy",1.01470588235294
"Jerry Lewis",1.01470588235294
"Jack Pleis & His Orchestra",1.01449275362319
"Sil Austin",1.01351351351351
"Judy Scott",1.01315789473684
"The Cues",1.01298701298701
"The Highlights",1.01190476190476
"B.B. Blues Boy King",1.01176470588235
"Kay Armen",1.01098901098901
"Al Hibbler",1.01086956521739
"Carmen McRae",1.01086956521739
"Chuck Alaimo Quartet",1.01086956521739
"Conway Twitty",1.01075268817204
"Mitch Miller & His Orchestra",1.01063829787234
"B.B. King",1.01052631578947
"Faron Young",1.01041666666667
"Joni James",1.01030927835052
"Julius LaRosa",1.01020408163265
"Teddi King",1.01020408163265
"The Jesters",1.01
