"Artist","sum"
"Elvis Presley",117.765073529412
"Connie Francis",113.268885940993
"The Everly Brothers",107.201071054012
"Brenda Lee",104.950465838509
"Jackie Wilson",100.098406862745
"Bobby Rydell",94.1042188805347
"Fats Domino",87.9658340795483
"Paul Anka",80.7178854166924
"Dinah Washington",67.7575752698146
"Marty Robbins",67.233965736812
"Johnny Preston",66.3941798941799
"Jack Scott",65.4539553068191
"Bobby Darin",65.3189160292143
"Hank Ballard & The Midnighters",63.1515567765568
"Marv Johnson",60.5142738642739
"Bill Black's Combo",60.152008530685
"Jim Reeves",58.8115987905695
"Brook Benton",57.7174860805038
"Annette",55.1128897672376
"Johnny Horton",52.9649758454106
"Sam Cooke",52.2211494252874
"Frankie Avalon",52.2138740802478
"Pat Boone",51.2575209542231
"Duane Eddy",49.277207977208
"Jimmy Jones",49.1787148594378
"The Platters",48.8586385836386
"Lloyd Price",48.2082804252399
"Johnny Tillotson",47.2238930659983
"The Drifters",47.0914351851852
"Roy Orbison",46.8630952380952
"Chubby Checker",46.7619047619048
"Ray Charles",45.9961592571453
"Percy Faith",45.7428571428571
"Anita Bryant",45.5726470240702
"Conway Twitty",45.2620855335141
"Jimmy Clanton",43.3973165723166
"The Crests",43.2175837742504
"Little Willie John",43.1499452156031
"The Olympics",43.0989750084431
"The Brothers Four",40.5507692307692
"Neil Sedaka",39.9311391223156
"Don Costa",39.1267056530214
"Mark Dinning",37.5821661998133
"The Ventures",36.5666666666667
"Steve Lawrence",36.4590964590965
"Jimmie Rodgers",36.1044091832964
"Dion & The Belmonts",35.5179824561404
"The Coasters",34.0949961237165
"Ricky Nelson",33.1961430523245
"Johnny Burnette",33.0984848484849
"Connie Stevens",32.2640845070423
"The Browns",32.2494430169523
"Donnie Brooks",32.1751152073733
"Tommy Edwards",32.111874886343
"Paul Evans",31.8891313932981
"Johnny & The Hurricanes",30.1254649560062
"Clyde McPhatter",30.1107131093544
"Andy Williams",29.7156043956044
"Johnny Mathis",29.1297221085652
"Brian Hyland",28.3605454769838
"Adam Wade",28.0787727872857
"Dee Clark",28.0714159871137
"Etta James",28.0597147950089
"Floyd Cramer",27
"Billy Bland",26.1644844517185
"Patti Page",26.0886364291034
"The Kingston Trio",26.0749436936937
"Dorsey Burnette",26.0643115942029
"Jeanne Black",25.9778012684989
"The Four Preps",25.1185897435897
"Teresa Brewer",25.0712191034772
"Carl Dobkins Jr.",25.0561290322581
"Charlie Ryan & The Timberline Riders",25.0541125541126
"Freddie Cannon",25.0120481927711
"Bobby Vee",24.9880106478861
"Safaris",24.1228758169935
"Freddy Cannon",24.0987418696292
"Hank Locklin",23.4886363636364
"Della Reese",23.1127070393375
"The Fleetwoods",23.0896092132505
"Larry Verne",22.3979487179487
"Billy Vaughn & His Orchestra",22.0722394220846
"The Flamingos",22.0609313538891
"Kathy Young",22.0392156862745
"Ferrante & Teicher",21.8
"Maurice Williams & The Zodiacs",21.7777777777778
"Hollywood Argyles",21.3333333333333
"Debbie Reynolds",21.0581818181818
"Charlie Rich",21.0454545454545
"The Viscounts",21.031425891182
"The Fendermen",20.9777777777778
"Ron Holden",20.7218045112782
"Lolita",20.4222222222222
"Nat King Cole",20.0779794942954
"James Brown",20.0692950474808
"Don Gibson",20.0591243356816
"Jimmy Reed",20.051723996724
"Buster Brown",20.038661468486
"Dante & The Evergreens",19.1470319634703
"Ella Fitzgerald",19.0501949317739
"Harold Dorman",19.047619047619
"LaVern Baker",19.045835515977
"Jimmy Charles",18.7333333333333
"Ray Smith",18.1128871128871
"Little Anthony & The Imperials",18.0532945736434
"Jan & Dean",18.0465982189253
"Ray Peterson",17.7142857142857
"Jerry Butler",17.2857142857143
"Dion",17.1770833333333
"Fabian",17.0945291267872
"Frank Sinatra",17.0688617886179
"The Bobbettes",17.0641393694025
"Ike & Tina Turner",17.0492321589883
"Jessie Hill",17.0467032967033
"Barrett Strong",17.0434782608696
"Joe Jones",16.4102564102564
"U.S. Bonds",16.3095238095238
"The Paradons",16.0555555555556
"Sarah Vaughan",16.0480796187272
"Guy Mitchell",16.0418300653595
"Bob Luman",15.5714285714286
"Larry Hall",15.1333333333333
"Skip & Flip",15.0909090909091
"Perry Como",15.0703002244669
"The Demensions",15.0625
"Webb Pierce",15.0538649704148
"Johnny Ferguson",15.037037037037
"Etta & Harvey",15.0320512820513
"The Little Dippers",14.8253968253968
"Spencer Ross",14.0769230769231
"Chuck Berry",14.0394345238095
"The Beau-Marks",14.0222222222222
"Garry Miles",13.125
"The Fireballs",13.0517676767677
"Henry Mancini & His Orchestra",13.047619047619
"The Skyliners",13.0416666666667
"Dorothy Collins",13.0359140418016
"June Valli",13.0344827586207
"Bob Beckham",13.0277777777778
"Bobby Freeman",13.027027027027
"The Ames Brothers",13.0263157894737
"Lenny Welch",13.0222222222222
"David Seville",12.1409736462368
"The Ivy Three",12.125
"Damita Jo",12.0454545454545
"Al Brown's Tunetoppers",12.0434782608696
"Walter Brennan",12.0333333333333
"The Shirelles",12.025641025641
"Cowboy Copas",12.015873015873
"Lawrence Welk",11.047619047619
"James Booker",11.046511627907
"Sammy Turner",11.0434782608696
"Santo & Johnny",11.0412414965986
"Jerry Wallace",11.0404360056259
"Garry Mills",11.0384615384615
"Deane Hawley",11.0344827586207
"Monty Kelly & His Orchestra",11.0333333333333
"The Champs",11.0333333333333
"Bobby Marchan",11.0322580645161
"Shirley & Lee",11.032196969697
"The Knockouts",11.0217391304348
"Rod Lauren",10.0645161290323
"Johnny Cash",10.0471972608526
"Joni James",10.0387755102041
"Johnny Bond",10.0384615384615
"Stonewall Jackson",10.0364384366735
"The Innocents",10.0357142857143
"The Temptations",10.0344827586207
"Wanda Jackson",10.027027027027
"The Five Satins",10.0250039068604
"Frankie Ford",10.0248275862069
"Jon Thomas",10.0208333333333
"Hugo & Luigi",9.05714285714286
"Chet Atkins",9.03808887403943
"Danny & The Juniors",9.03703703703704
"Ray Bryant Combo",9.03333333333333
"Sonny James",9.02742537313433
"Teddy Randazzo",9.02272727272727
"Gary Stites",9.02127659574468
"Joe Turner",9.0188679245283
"Joanie Sommers",9.01851851851852
"Mitchell Torok",9.01666666666667
"Jo Ann Campbell",9.01639344262295
"The Bluenotes",9.01639344262295
"Bud & Travis",9.015625
"Bing Crosby",8.07920227920228
"Les Compagnons de la Chanson",8.03333333333333
"Tobin Mathews & Co.",8.03333333333333
"The Playmates",8.02702702702703
"Bobby Bland",8.02532046209843
"Marty Wilde",8.02222222222222
"Frank Chacksfield",8.02127659574468
"Joiner, Arkansas Junior High School Band",8.0188679245283
"Ernie Fields & Orchestra",8.01851851851852
"Ruth Brown",8.01612903225806
"Felix Slatkin Orchestra",8.01428571428571
"Dodie Stevens",8.01369863013699
"Doris Day",7.04
"Roger Williams",7.0280612244898
"Etta Jones",7.02777777777778
"Anthony Newley",7.02591438412334
"Skeeter Davis",7.02564102564103
"Charles Wolcott",7.02439024390244
"Rusty Draper",7.01851851851852
"Jan & Kjeld",7.01724137931035
"Rosco Gordon",7.015625
"The Mark II",7.01333333333333
"Wade Flemons",6.02492401215805
"Ivo Robic",6.01724137931035
"Jacky Noguez & His Orchestra",6.01587301587302
"Red River Dave",6.015625
"Jaye P. Morgan",6.01515151515152
"Bill Haley & His Comets",6.01428571428571
"Ernie Freeman",6.01428571428571
"The Tree Swingers",6.01369863013699
"Bo Diddley",6.01333333333333
"Frank De Vol",6.01298701298701
"Bill Doggett",5.02567783094099
"Kitty Kallen",5.01818181818182
"Sammy Masters",5.015625
"Mel Gadson",5.01449275362319
"The Blue Diamonds",5.01388888888889
"Tony Bennett",5.01351351351351
"Cornbread & Biscuits",5.01333333333333
"The Harry Simeone Chorale",4.04166666666667
"The Ramblers",4.02739726027397
"Paul Chaplain & His Emeralds",4.02439024390244
"Sir Chauncey",4.02247191011236
"Frankie Lymon",4.01724137931035
"Bobby Hendricks",4.01369863013699
"Tommy Sands",4.01369863013699
"The Chiffons",4.01315789473684
"The Blue Notes",4.01282051282051
"Collay & The Satellites",4.01219512195122
"Ray Ellis",4.01190476190476
"Hank Snow",4.01149425287356
"Elton Anderson",4.01136363636364
"Bobby Comstock",4.01111111111111
"Ray Conniff",4.01086956521739
"Bobby Helms",3.02777777777778
"Earl Grant",3.02272727272727
"The Fireflies",3.02222222222222
"Janice Harper",3.02197802197802
"Pete Fountain",3.02150537634409
"The Rivieras",3.02150537634409
"The Dyna-Sores",3.01694915254237
"The Videls",3.01369863013699
"The Piltdown Men",3.01333333333333
"Preston Epps",3.01282051282051
"Faron Young",3.01204819277108
"Jamie Horton",3.01190476190476
"Rosemary Clooney",3.01190476190476
"The Statues",3.01190476190476
"Larry Bright",3.01111111111111
"The Singing Belles",3.01098901098901
"Denny Reed",3.01063829787234
"The Johnny Otis Show",2.025
"Austin Taylor",2.02222222222222
"The Bell Notes",2.02083333333333
"The McGuire Sisters",2.02041028845153
"Art Mooney & his Orchestra",2.02
"The Melodeers",2.01408450704225
"The Frantics",2.01204819277108
"Nat Kendrick & The Swans",2.01190476190476
"Johnnie & Joe",2.01123595505618
"Narvel Felts",2.01111111111111
"Nickey DeMatteo",2.01111111111111
"Richie Allen",2.01111111111111
"Ike Clanton",2.01098901098901
"Miss Toni Fisher",2.01075268817204
"Nina Simone",2.01075268817204
"Tender Slim",2.01075268817204
"Danny Valentino",2.01052631578947
"The Rays",2.01052631578947
"Bob Crewe",2.01041666666667
"Billy Walker",1.01204819277108
"Mantovani",1.01075268817204
"Bobby Peterson",1.01041666666667
"The Heartbeats",1.01041666666667
"Jerry Byrd",1.01030927835052
"David Carroll & His Orchestra",1.01020408163265
"Gary Cane And His Friends",1.01010101010101
"Hank Thompson",1.01010101010101
"Stan Freberg",1.01010101010101
"Mickey & Sylvia",1.01
