"Artist","sum"
"Herman's Hermits",101.945504495504
"The Beatles",97.6291147543936
"Dave Clark Five",76.3272162619989
"The Righteous Brothers",72.0985463199957
"Elvis Presley",69.9675324675325
"Gary Lewis & The Playboys",68.9772727272727
"Roger Miller",67.2142645463329
"The Rolling Stones",65.7138418964077
"The Supremes",64.3030303030303
"Sonny & Cher",58.88
"Petula Clark",57.474025974026
"Jay & The Americans",53.5604731525784
"Four Tops",53.144984100035
"Marvin Gaye",52.7304761904762
"Joe Tex",52.3147289119997
"The Byrds",52.1239010989011
"Dean Martin",51.4431926406926
"The Beach Boys",50.3146853146853
"Freddie & The Dreamers",49.6063311688312
"The Impressions",48.1165665191584
"Tom Jones",47.7978835978836
"The Temptations",47.4039718451483
"Ronnie Dove",45.3025661375661
"Gerry & The Pacemakers",45.1636212785509
"The Kinks",44.8954008480863
"James Brown",44.4177682221161
"The Searchers",44.0663717556996
"Sam Cooke",42.8863498568701
"The Beau Brummels",42.8141891703883
"The Four Seasons",42.5489583333333
"Chad & Jeremy",42.3650566622539
"The Shangri-Las",42.1653497951481
"Jr. Walker & The All Stars",41.9057133946869
"The Miracles",41.2789285714286
"Otis Redding",40.1869915006213
"Brenda Lee",40.1696651824731
"Sam the Sham & The Pharaohs",40.1072261072261
"Connie Francis",39.1651002402269
"The Yardbirds",38.5032679738562
"Marianne Faithfull",38.1680687056389
"Johnny Rivers",38.0347363163153
"Bob Dylan",37.6684981684982
"Lesley Gore",37.2030446210024
"Jack Jones",36.2021044272384
"Bobby Goldsboro",36.1606267806268
"Peter & Gordon",36.1163050470279
"Vic Dana",35.9406417112299
"Shirley Ellis",34.6109584859585
"The Animals",34.2750186344663
"Roy Orbison",34.1473448827072
"The McCoys",34.012987012987
"Gene Pitney",33.2398948044109
"Roy Head",31.6023455710956
"Bert Kaempfert & His Orchestra",31.276322547509
"Fontella Bass",30.9369796869797
"Barbara Mason",30.5345160286337
"The Kingsmen",30.4899890889253
"Little Anthony & The Imperials",28.303022875817
"Wayne Newton",28.140022296544
"Ramsey Lewis Trio",28.1318181818182
"Andy Williams",28.1053140096618
"Maxine Brown",28.0777056277056
"Dionne Warwick",28.060471980976
"Martha & The Vandellas",28.0344622697564
"The Seekers",27.9706477732794
"We Five",27.3655913978495
"The Bachelors",27.2016203703704
"Bobby Vinton",27.1924418524175
"The Newbeats",27.1283333333333
"Bobbi Martin",27.0886564236679
"The Marvelettes",27.0858052073288
"Patty Duke",27.0357142857143
"Billy Joe Royal",26.5616605616606
"Barbara Lewis",26.3636363636364
"Solomon Burke",26.1142790391535
"Herb Alpert And The Tijuana Brass",26.0782674772036
"Del Shannon",25.3416875522139
"Eddy Arnold",25.3261904761905
"Chuck Jackson",25.0744473745716
"Johnny Tillotson",25.0740928929711
"Wayne Fontana",24.5676767676768
"Len Barry",24.1785714285714
"Jody Miller",24.1418518518519
"Gene Chandler",24.1022946859903
"Frank Sinatra",24.090825278027
"Donovan",24.0787396280208
"Jewel Akens",23.9670868347339
"Mel Carter",23.484649122807
"Jackie DeShannon",23.1621711621712
"Barry McGuire",22.3775252525253
"The Zombies",22.1965242259253
"The Drifters",22.0927415569686
"Al Martino",22.084723697274
"Robert Goulet",22.0797413793103
"Little Milton",22.0748837209302
"Wilson Pickett",22.0664869721473
"Ray Charles",22.063543499498
"Ian Whitcomb",21.4596414602347
"Dino, Desi & Billy",21.0988235294118
"Jan & Dean",21.0882275132275
"Barbra Streisand",21.0633810898917
"The Turtles",21.0462382445141
"The Toys",20.5
"Glenn Yarbrough",20.1851851851852
"Trini Lopez",20.1409215222732
"Billy Stewart",20.1288990219403
"Buck Owens",20.1087148594378
"Jerry Vale",20.0807028619529
"Cher",19.2133333333333
"Them",19.1243890518084
"The Dixie Cups",19.1196078431373
"Dickey Lee",19.0851272015656
"Sandie Shaw",19.0533495713908
"Tony Bennett",19.0518428424001
"Sounds Orchestral",18.8274436090226
"Alvin Cash",18.1598062953995
"The Strangeloves",18.1165501165501
"Manfred Mann",18.1033333333333
"Mary Wells",18.0960099418304
"Julie Rogers",18.0331071913161
"The Moody Blues",17.8250384024578
"Patti Page",17.5748480243161
"The Royalettes",17.0382791327913
"The Larks",16.989010989011
"The Vogues",16.4166666666667
"The Gentrys",16.3269230769231
"Sonny",16.2285714285714
"Dick & DeeDee",16.1768346595933
"Dobie Gray",16.1059085841695
"Al Hirt",16.0809303844718
"Lenny Welch",16.0406989981785
"Shirley Bassey",15.5576923076923
"The Lettermen",15.078125
"The Ikettes",15.0690690690691
"The Contours",15.0563643150429
"Jackie Wilson",15.0486424149537
"The Hullaballoos",15.0448841698842
"The Lovin' Spoonful",14.6495726495726
"The Castaways",14.1666666666667
"San Remo Golden Strings",14.0965459841864
"Horst Jankowski",14.0943223443223
"Cannibal & The Headhunters",14.0666666666667
"Brenda Holloway",14.0528205128205
"Perry Como",14.0513636363636
"Ray Charles Singers",14.0451388888889
"The Ad Libs",13.135
"Peter, Paul & Mary",13.0886446886447
"Edwin Starr",13.068671679198
"Major Lance",13.0684833983221
"Fred Hughes",13.0643115942029
"Bobby Bland",13.0623677397871
"The Waikikis",13.041292041292
"Chubby Checker",13.0392857142857
"Betty Everett",13.0391941391941
"Fortunes",12.961038961039
"Sir Douglas Quintet",12.1538461538462
"Brook Benton",12.0437932976626
"Reparata & The Delrons",12.0384057971015
"Billy J. Kramer & The Dakotas",12.036201968879
"The Radiants",12.0305968541263
"The Gants",12.0217391304348
"Jonathan King",11.1176470588235
"The Silkie",11.1
"The Guess Who",11.0909090909091
"The Wonder Who?",11.0833333333333
"The Detergents",11.0638675340035
"Charlie Rich",11.047619047619
"Unit Four Plus Two",11.0462406015038
"Chuck Berry",11.0454428754814
"Bobby Vee",11.0337704778881
"The Packers",11.0232558139535
"Georgie Fame",10.0682376043201
"Little Jimmy Dickens",10.0666666666667
"The Walker Brothers",10.0625
"The Ronettes",10.0458974358974
"Sue Thompson",10.0434782608696
"Adam Faith",10.0425673428666
"Booker T. & The MG's",10.0344827586207
"Ben E. King",10.034126984127
"Vic Damone",10.0333333333333
"Candy & The Kisses",10.0196078431373
"The Sunrays",10.0196078431373
"Herb Alpert's Tijuana Brass",10.0147058823529
"Freddy Cannon",9.07692307692308
"Eddie Rambeau",9.05714285714286
"Eddie Hodges",9.04545454545454
"Matt Monro",9.04347826086956
"Paul Revere & The Raiders",9.04347826086956
"The Chiffons",9.04081632653061
"Ned Miller",9.03846153846154
"Lee Dorsey",9.03571428571429
"Allan Sherman",9.03520408163265
"Lou Johnson",9.03389830508475
"Tony Clarke",9.03225806451613
"The O'Jays",9.03147163120567
"Baby Washington",9.02739726027397
"The Marvelows",9.02702702702703
"Neil Sedaka",9.02631578947368
"The You Know Who Group",9.02325581395349
"Don Covay",9.02272727272727
"Esther Phillips",9.01851851851852
"Gale Garnett",9.01851851851852
"Billy Strange",9.01818181818182
"The Astors",9.01587301587302
"The Trade Winds",8.0625
"The Fortunes",8.03703703703704
"The Jive Five",8.02777777777778
"Johnny Bond",8.02325581395349
"Tom & Jerrio",8.02127659574468
"Kim Weston",8.02
"Little Caesar & The Consuls",8.02
"Chad Stuart & Jeremy Clyde",8.01960784313725
"Arthur Prysock",8.01785714285714
"Irma Thomas",8.01587301587302
"The Manhattans",8.01470588235294
"The Honeycombs",7.04166666666667
"The Vibrations",7.03174603174603
"Spinners",7.02857142857143
"The Spokesmen",7.02777777777778
"Jim Reeves",7.02402186421174
"Glen Campbell",7.02222222222222
"Billy Edd Wheeler",7.02
"Joan Baez",7.02
"Connie Stevens",7.0188679245283
"Ronny & The Daytonas",7.01851851851852
"Stevie Wonder",7.01694915254237
"Arrows",7.015625
"James Phelps",7.01515151515152
"The Dolphins",7.01449275362319
"Earl Grant",7.01333333333333
"Henry Mancini, His Orchestra & Chorus",7.01298701298701
"Dee Dee Sharp",7.01282051282051
"Johnny Nash",7.01136363636364
"The Barbarians",6.03636363636364
"Danny Hutton",6.02739726027397
"The Five Emprees",6.02702702702703
"The Rag Dolls",6.01818181818182
"Billy Butler",6.01666666666667
"The Mojo Men",6.01639344262295
"The Ovations",6.01639344262295
"The Velvelettes",6.015625
"The Uniques",6.01515151515152
"G.L. Crockett",6.01492537313433
"Jo Ann Campbell",6.01492537313433
"Ed Ames",6.01369863013699
"Soupy Sales",6.01315789473684
"Derek Martin",6.01282051282051
"Johnny Cash",6.0125
"Johnny Thunder",5.02985074626866
"The Knight Brothers",5.02857142857143
"The Three Degrees",5.025
"The Olympics",5.02469135802469
"Willie Mitchell",5.02218137254902
"Mitty Collier",5.02197802197802
"The Mad Lads",5.02150537634409
"Roger Williams",5.02117884356791
"The Reflections",5.01818181818182
"Nancy Wilson",5.01724137931035
"Gloria Lynne",5.01612903225806
"The Vacels",5.01587301587302
"Richard Burton",5.015625
"Julie Andrews & Dick VanDyke",5.01515151515152
"The Skyliners",5.01388888888889
"Bonnie & The Treasures",5.01298701298701
"The Sapphires",5.01298701298701
"Lonnie Mack",5.01282051282051
"The New Christy Minstrels",5.01234567901235
"The Ivy League",5.01204819277108
"O.V. Wright",5.01162790697674
"Roddie Joy",5.01162790697674
"Cal Tjader",5.01136363636364
"Jack LaForge, His Piano & Orchestra",5.01041666666667
"The Sunglows",4.03125
"Steve Alaimo",4.02422296804319
"Dusty Springfield",4.02197802197802
"The Shirelles",4.02197802197802
"Jerry Butler",4.015625
"Thee Midniters",4.01492537313433
"Lawrence Welk",4.01333333333333
"Patti LaBelle",4.01315789473684
"Lee Morgan",4.01234567901235
"The Vejtables",4.01190476190476
"Jackie Ross",4.01176470588235
"Nancy Sinatra",4.01162790697674
"The Hondells",4.01149425287356
"Lorne Greene",3.02777777777778
"Ruby & The Romantics",3.02298850574713
"Adam Wade",3.02272727272727
"The Novas",3.02272727272727
"Jimmy Dean",3.02197802197802
"Jimmy McCracklin",3.02151532677848
"Davy Jones",3.02150537634409
"Jan Bradley",3.02150537634409
"Walter Jackson",3.02094298245614
"The Ventures",3.01428571428571
"John Barry & His Orchestra",3.01388888888889
"Bobby Darin",3.0126582278481
"The Kids Next Door",3.01190476190476
"The Changin' Times",3.01149425287356
"Kathy Kirby",3.01136363636364
"The Brothers Four",3.01098901098901
"Carla Thomas",3.01086956521739
"Jimmy Cross",3.01086956521739
"Jimmy Smith",3.01086956521739
"Leon Haywood",3.01086956521739
"Jimmy Velvet",3.01075268817204
"Peggy Lee",3.01075268817204
"Sam & Bill",3.01052631578947
"Mongo Santamaria",3.01030927835052
"P.J. Proby",2.02197802197802
"Billy Vaughn",2.02127659574468
"Barbara Lynn",2.02105263157895
"Rick Nelson",2.02083333333333
"Chet Atkins",2.02040816326531
"Ted Taylor",2.02020202020202
"LaVern Baker",2.01190476190476
"P.F. Sloan",2.01149425287356
"The Duprees",2.01098901098901
"The Who",2.01075268817204
"Della Reese",2.01052631578947
"Aretha Franklin",2.01041666666667
"Nella Dodds",2.01041666666667
"Timi Yuro",2.01041666666667
"Willie Tee",2.01030927835052
"Johnny Mathis",2.01020408163265
"The Nashville Teens",2.01020408163265
"The Dixie Drifter",2.01010101010101
"Lou Rawls",1.01204819277108
"Bill Black's Combo",1.01123595505618
"Little Richard",1.01086956521739
"The Spellbinders",1.01075268817204
"Garnet Mimms",1.01052631578947
"Dee Dee Warwick",1.01041666666667
"Del Reeves",1.01041666666667
"Etta James",1.01041666666667
"George Jones",1.01041666666667
"B.B. King",1.01030927835052
"The Ron-Dels",1.01030927835052
"Bobby Rydell",1.01020408163265
"Jimmy Witherspoon",1.01020408163265
"The Exciters",1.01020408163265
"George & Gene (George Jones & Gene Pitney)",1.01010101010101
"Sonny Knight",1.01
