"Artist","sum"
"Aretha Franklin",102.009377770824
"Marvin Gaye",101.987490695579
"James Brown",76.0980491210049
"The Beatles",65.7424740829346
"Dionne Warwick",63.3414066536379
"Otis Redding",53.9867758648175
"The Rascals",44.4798534798535
"Union Gap",44.2892156862745
"The Impressions",44.2281307639212
"Bobby Goldsboro",43.827485380117
"Archie Bell & The Drells",43.4242424242424
"The Dells",42.8915306915307
"The Doors",42.6399115826702
"Ohio Express",42.5637797945027
"The Delfonics",42.3826086956522
"O.C. Smith",42.2876283846872
"Classics IV",42.2333333333333
"The Monkees",41.9604181231066
"Stevie Wonder",41.6517704517705
"Tommy James & The Shondells",41.3876759740639
"Diana Ross & The Supremes",41.0464285714286
"Sergio Mendes & Brasil '66",40.7797619047619
"The 5th Dimension",40.5633289124668
"Bobby Vinton",40.3665302089215
"Elvis Presley",40.2285253946115
"Steppenwolf",39.8237179487179
"The Temptations",36.9807692307692
"The Cowsills",36.7441761941762
"The Vogues",36.2751322751323
"Ray Charles",36.1758625228509
"Glen Campbell",36.1309650997151
"Eric Burdon & The Animals",35.3161158493248
"Wilson Pickett",35.2864285714286
"The Bee Gees",35.2522267206478
"Paul Mauriat & His Orchestra",34.6055555555556
"Jose Feliciano",34.152987012987
"The Box Tops",34.1424116424116
"The Lettermen",33.994338994339
"The Intruders",33.961741961742
"Gary Puckett",33.5374625374625
"The American Breed",33.5229187479187
"Tommy Boyce & Bobby Hart",33.3439527802735
"Jerry Butler",33.1286290322581
"Hugh Masekela",32.9037558685446
"Simon & Garfunkel",32.4755244755245
"The Beach Boys",32.28060323463
"Sam & Dave",31.78364165008
"Donovan",31.5041958041958
"The Lemon Pipers",31.4455702013247
"Etta James",31.2306418219462
"The Rolling Stones",31.0816666666667
"Hugo Montenegro",30.7062084257206
"Four Tops",30.3424969987995
"Spanky & Our Gang",30.2058959358112
"Vanilla Fudge",30.1343464034163
"Herb Alpert",29.7731092436975
"Smokey Robinson",29.2525377847958
"Clarence Carter",29.1127810361681
"Merrilee Rush",28.9675454458932
"Gladys Knight & The Pips",28.3469512195122
"Engelbert Humperdinck",28.1960007545746
"Tom Jones",28.1303258145363
"The Cream",28.1230769230769
"The Turtles",27.5592105263158
"The Irish Rovers",27.5271794871795
"1910 Fruitgum Company",27.3015873015873
"Joe Simon",27.2910204081633
"Percy Sledge",27.1623376623377
"Jeannie C. Riley",26.9594405594406
"The Fireballs",26.8824593128391
"The 1910 Fruitgum Company",26.2731808731809
"Willie Mitchell",26.1968572490312
"Neil Diamond",26.146063461283
"Petula Clark",26.1106428462361
"The Association",25.494780869249
"Peaches & Herb",25.1851009392664
"Jimi Hendrix",25.1585463862675
"The Marvelettes",25.1132968338851
"Lulu",25.0693486937591
"Cliff Nobles",24.8151260504202
"The O'Kaysions",24.3845864661654
"Mills Brothers",24.1384501675553
"The Five Stairsteps",24.0815951326627
"Richard Harris",23.3930288461538
"Paul Revere & The Raiders",23.2310613698998
"The Sweet Inspirations",23.2073923238307
"The Hesitations",23.1424728487886
"Big Brother & the Holding Company",23.1423034330011
"Nancy Sinatra",23.1348067130676
"The Mamas & The Papas",23.1010163784518
"Martha Reeves & The Vandellas",23.0995007680492
"Jackie Wilson",23.0760104041617
"The Human Beinz",23.0541666666667
"John Fred & His Playboy Band",23
"Sly & The Family Stone",22.6263440860215
"The Chambers Brothers",22.5085995085995
"Andy Kim",22.2073732718894
"Small Faces",22.201198630137
"Bobby Vee",22.1519579649565
"Peggy Scott & Jo Jo Benson",22.1385902031063
"Jr. Walker & The All Stars",22.1155913978495
"Eddie Floyd",22.1088235294118
"Deep Purple",21.5789473684211
"Mason Williams",21.3065476190476
"Arthur Conley",21.134917415242
"Nancy Wilson",21.1235109717868
"Frank Sinatra",21.1192481884058
"Creedence Clearwater Revival",21.1081504702194
"B.B. King",21.0934686363554
"Billy Vera",21.0928079242033
"The New Colony Six",21.0646853146853
"Cream",21.0610795454545
"Mary Hopkin",20.5
"Gene & Debbe",20.20116194626
"Joe Tex",20.1384264929463
"Johnny Rivers",20.1286383405821
"Al Martino",20.1181639443436
"Johnnie Taylor",20.1142857142857
"The Status Quo",20.097619047619
"Bill Medley",20.0754487964096
"Dion",19.5
"The Foundations",19.2896764252696
"Strawberry Alarm Clock",19.1625018719113
"Andy Williams",19.1006060606061
"The Crazy World Of Arthur Brown",18.8846153846154
"Johnny Nash",18.7333333333333
"Georgie Fame",18.5714285714286
"The Grass Roots",18.5333333333333
"Friend & Lover",18.4544850498339
"The Buckinghams",18.3078149920255
"People",18.0714285714286
"King Curtis",18.0706644185279
"Herb Alpert And The Tijuana Brass",18.0557189542484
"Patti Page",18.0407196969697
"Shorty Long",17.8656060606061
"Herman's Hermits",17.1527570789866
"Blue Cheer",17.0931677018634
"The Who",17.09
"The Stone Poneys",17.0769230769231
"Eddy Arnold",17.0726473226473
"The Fantastic Johnny C",17.0702574133102
"The O'Jays",17.0482617231362
"The Troggs",16.7678571428571
"Mama Cass",16.1965174129353
"Dean Martin",16.1197674418605
"Gene Pitney",16.0951086956522
"The Moody Blues",16.0908469945355
"Four Jacks & A Jill",16.0659722222222
"Vikki Carr",16.0614907967849
"Ray Stevens",16.0549450549451
"Roger Miller",15.1019230769231
"James & Bobby Purify",15.0772512444208
"Eddie Harris",15.0671717171717
"First Edition",14.4
"Gary Lewis & The Playboys",14.1578947368421
"Ed Ames",14.1179213857428
"Johnny Cash",14.115728021978
"Leapy Lee",14.0625
"Jay & The Techniques",14.056891025641
"The Sandpebbles",14.0556586270872
"Lalo Schifrin",14.0487804878049
"B.J. Thomas",14.0357142857143
"Bull And The Matadors",14.025641025641
"Soul Survivors",13.0900178253119
"Bobby Taylor & The Vancouvers",13.0580121703854
"The Archies",13.0454545454545
"Patti Drew",13.0430107526882
"Bobby Womack",13.0192307692308
"Manfred Mann",13.0181818181818
"Max Frost & The Troopers",12.1363636363636
"Barbara Acklin",12.1333333333333
"The Amboy Dukes",12.125
"Raymond Lefevre & His Orchestra",12.0810810810811
"Henson Cargill",12.08
"Ronnie Dove",12.0753948062717
"Al Green",12.0731707317073
"Magic Lanterns",12.0689655172414
"Iron Butterfly",12.0666666666667
"Robert John",12.0612244897959
"Flatt & Scruggs",12.0545454545455
"The Hollies",12.035752688172
"Judy Collins",12.0340909090909
"Tiny Tim",11.0693498452012
"Canned Heat",11.0625
"The Lovin' Spoonful",11.0619292237443
"Michele Lee",11.0576923076923
"Kasenetz-Katz Singing Orchestral Circus",11.04
"Gene Chandler",11.0297389816003
"Al Wilson",10.0740740740741
"Booker T. & The MG's",10.0588235294118
"James Carr",10.047619047619
"Barbara Mason",10.0442075834353
"The Peppermint Trolley Company",10.0338983050847
"The Avant-Garde",10.025
"The Tremeloes",10.0227272727273
"Don Fardon",9.1
"Jefferson Airplane",9.04623724489796
"The Unifics",9.04
"Madeline Bell",9.03846153846154
"The Equals",9.03125
"Claudine Longet",9.02816901408451
"Fantastic Four",9.01785714285714
"The Radiants",9.01470588235294
"Ollie & The Nightingales",9.01369863013699
"Billy Stewart",9.01162790697674
"The Four Seasons",8.125
"The Balloon Farm",8.08108108108108
"Carla Thomas",8.06737346101231
"Betty Wright",8.06060606060606
"Pigmeat Markham",8.05263157894737
"Dave Clark Five",8.04651162790698
"The Shadows Of Knight",8.04347826086956
"Jackie DeShannon",8.03636363636364
"Frankie Valli",8.03448275862069
"Solomon Burke",8.02941176470588
"Calvin Arnold",8.02777777777778
"Little Carl Carlton",8.02666666666667
"The Tymes",8.02564102564103
"The Cherry People",8.02222222222222
"Marty Robbins",8.01538461538462
"Mary Wells",8.01538461538462
"Gloria Walker",7.05
"Young Rascals",7.05
"Eternity's Children",7.04347826086957
"Autry Inmann",7.04166666666667
"Los Bravos",7.03921568627451
"Five By Five",7.03846153846154
"Bobbie Gentry",7.03702702702703
"The Montanas",7.03448275862069
"The Ballads",7.03076923076923
"Bobby Russell",7.02777777777778
"The Music Makers",7.02564102564103
"The Happenings",7.02534203980099
"The Epic Splendor",7.02298850574713
"The Mirettes",7.02222222222222
"The Magistrates",7.01851851851852
"Roger Williams",7.01818181818182
"Wayne Newton",7.01666666666667
"The Band",7.01587301587302
"Guy Marks",6.05882352941176
"Arthur Prysock",6.05405405405405
"Esther & Abi Ofarim",6.04411764705882
"Fever Tree",6.04395604395604
"Judy Clay",6.04
"The Royal Guardsmen",6.03954248366013
"Dave Dee, Dozy, Beaky, Mick & Tich",6.03846153846154
"The Tams",6.0327868852459
"William Bell",6.02325581395349
"Freddie Hughes",6.02127659574468
"Sonny & Cher",6.01785714285714
"John Fred & His Playboys",6.01754385964912
"Otis & Carla",6.01666666666667
"Tammy Wynette",6.01587301587302
"Eivets Rednow",6.01515151515152
"Joe Cocker",6.01470588235294
"Wilmer & The Dukes",6.0125
"Bill Black's Combo",6.01219512195122
"Frankie Laine",6.01219512195122
"Barbara Greene",6.01162790697674
"Laura Lee",6.01075268817204
"The Sunshine Company",5.05357142857143
"Nina Simone",5.04819277108434
"The Masqueraders",5.03508771929825
"Oscar Toney Jr.",5.03216374269006
"The Scaffold",5.02898550724638
"Hamilton Camp",5.02631578947368
"Howard Tate",5.02631578947368
"Jerry Jeff Walker",5.02597402597403
"Bill Wyman",5.02298850574713
"Detroit Emeralds",5.02247191011236
"The Buffalo Springfield",5.02239920358387
"The Cryan' Shames",5.02186571598336
"Flavor",5.02105263157895
"Jerry Lee Lewis",5.02094757622286
"Southwest F.O.B.",5.01785714285714
"The Soulful Strings",5.015625
"Alvin Cash",5.01515151515152
"Ben Colder",5.01492537313433
"Dyke & The Blazers",5.01492537313433
"Lou Rawls",5.01449275362319
"The Byrds",5.01351351351351
"Inez Foxx",5.01315789473684
"Jimmy Ruffin",5.01298701298701
"The Formations",5.01204819277108
"The Show Stoppers",5.01149425287356
"The James Boys",4.03658536585366
"The Mauds",4.03529411764706
"Mitch Ryder",4.03448275862069
"Robert Knight",4.03092783505155
"Albert King",4.02985074626866
"Della Humphrey",4.0253164556962
"Sonny James",4.02469135802469
"The Soul Clan",4.02197802197802
"Los Pop Tops",4.01282051282051
"Brenda & The Tabulations",4.01162790697674
"Jon & Robin",4.01149425287356
"Rev. Martin Luther King",4.01136363636364
"The Buena Vistas",4.01136363636364
"Dino, Desi & Billy",4.01086956521739
"Jimmy Delphs",4.01041666666667
"Miriam Makeba",3.03529411764706
"Professor Morrison's Lollipop",3.03409090909091
"Bill Cosby",3.03296703296703
"Bobby Bland",3.03125
"Jimmy James",3.02631578947368
"Bobby Cole",3.0253164556962
"Leon Haywood",3.02173913043478
"Johnny Adams",3.01219512195122
"The Love Generation",3.01162790697674
"Ricardo Ray",3.01111111111111
"Wes Montgomery",3.01098901098901
"Troy Keyes",3.01086956521739
"Linda Jones",3.01075268817204
"Sammy Davis Jr.",3.01075268817204
"Jim & Jean",3.01063829787234
"Young Hearts",3.01063829787234
"The Will-O-Bees",3.01052631578947
"Every Mothers' Son",3.01041666666667
"The Manhattans",3.01041666666667
"Otis Clay",3.01030927835052
"Cliff Richard",3.01010101010101
"Herbie Mann",2.02469135802469
"Tom Northcott",2.02272727272727
"George Torrence & The Naturals",2.02197802197802
"Jack Jones",2.02173913043478
"Perry Como",2.02173913043478
"Linda Ronstadt",2.02150537634409
"The Vibrations",2.02150537634409
"Kenny O'Dell",2.02127659574468
"Harpers Bizarre",2.02105263157895
"The Five Americans",2.02083333333333
"David Houston",2.02040816326531
"Ramsey Lewis",2.02040816326531
"Brook Benton",2.02020202020202
"Trini Lopez",2.02020202020202
"Fats Domino",2.02
"Jimmy Smith",2.02
"Barbara Lynn",2.01538461538462
"Long John Baldry",2.01136363636364
"The Four Sonics",2.01123595505618
"John W. Anderson Presents KaSandra",2.01098901098901
"Steve Miller Band",2.01063829787234
"Manny Kellem-His Orchestra & Voices",2.01041666666667
"The McCoys",2.01020408163265
"Brenton Wood",2.01010101010101
"Ruby Andrews",1.01086956521739
"Frankie Karl & The Dreams",1.01075268817204
"Chuck Jackson",1.01063829787234
"Rejoice!",1.01041666666667
"Jimmy McGriff",1.01030927835052
"Grapefruit",1.01020408163265
"Little Anthony & The Imperials",1.01020408163265
"Al Hirt",1.01
