"Artist","sum"
"Neil Diamond",82.9825771188979
"The 5th Dimension",70.5482027298544
"The Jackson 5",68.582995951417
"Carpenters",63.7832244008715
"The Guess Who",63.7081232492997
"James Brown",59.3840309200603
"Elvis Presley",58.6770104895105
"Bobby Sherman",57.1523088023088
"Simon & Garfunkel",55.2945665445665
"B.J. Thomas",54.8663558663559
"Creedence Clearwater Revival",50.6800699300699
"Mark Lindsay",46.8331818181818
"Clarence Carter",45.8896239346803
"Three Dog Night",43.2666666666667
"The Temptations",42.9004329004329
"The Beatles",41.8571428571429
"The Supremes",40.9138528138528
"Crosby, Stills, Nash & Young",40.4449134199134
"Tom Jones",39.3925474525474
"Smokey Robinson",39.3257931844888
"Vanity Fare",39.3219233147805
"Rare Earth",39.2857142857143
"Stevie Wonder",39.0697080697081
"Crow",38.1423510699827
"Glen Campbell",38.0551956815115
"Aretha Franklin",37.433196650588
"Tommy Roe",37.3686734693878
"Kenny Rogers",37.1800356506239
"Joe Cocker",37.0103896103896
"Dionne Warwick",36.8845631440108
"Freda Payne",36.4166666666667
"Chairmen Of The Board",36.0789473684211
"Bread",35.8914438502674
"B.B. King",35.2157407407407
"Bobbie Gentry",35.1403290311362
"Tyrone Davis",35.0036951770849
"Badfinger",34.8690476190476
"Wilson Pickett",34.1771234647705
"Ike & Tina Turner",34.0933165416033
"The Poppy Family",33.9756592292089
"The Shocking Blue",33.4651605758582
"Diana Ross",32.4785714285714
"Chicago",32.0674603174603
"The Delfonics",31.858153638814
"Engelbert Humperdinck",31.1283090054429
"The Flaming Ember",31.1241087344029
"Brook Benton",31.1075396825397
"Ray Stevens",31.0469135802469
"Charles Wright & The Watts 103rd Street Band",30.1458333333333
"Candi Staton",30.0940476190476
"Sly & The Family Stone",29.4109311740891
"The Who",29.263468013468
"Johnnie Taylor",29.1015648922626
"Steppenwolf",29.088860004989
"James Taylor",29.0149253731343
"The Archies",27.954318488529
"Jackson 5",27.875
"The Partridge Family",27.7894736842105
"Melanie",27.7585784313726
"Norman Greenbaum",27.3768115942029
"Four Tops",27.2234848484848
"The Moments",27.0227272727273
"The Five Stairsteps",26.7924981522543
"The Band",26.0880747322853
"Eddie Holman",25.827380952381
"The Kinks",25.3812083973374
"The Marmalade",25.3392156862745
"Marvin Gaye",25.1664883769307
"George Harrison",25.1428571428571
"Joe Simon",25.0599488623682
"Led Zeppelin",24.9474358974359
"Brian Hyland",24.6666666666667
"Eric Burdon & War",24.6666666666667
"The Hollies",24.5201316298877
"The Friends Of Distinction",24.4269230769231
"Johnny Cash",24.112901175332
"Rick Nelson",24.0719696969697
"The Sandpipers",24.0694618272841
"The Grass Roots",24.0676921439217
"Ronnie Dyson",23.6985714285714
"Edwin Starr",23.3333333333333
"The Jaggerz",23.1514452214452
"Dawn",23.1111111111111
"Christie",23.0869565217391
"Blues Image",22.5956790123457
"Sugarloaf",22.3725490196078
"Frijid Pink",21.8423576423576
"The Ides Of March",21.6822916666667
"Neil Young",21.1151515151515
"The Brotherhood Of Man",21.109709962169
"Jay & The Americans",21.0877192982456
"Paul Davis",21.077677224736
"The Three Degrees",21.0761494252874
"The Meters",21.0490930979133
"The Originals",20.1936936936937
"Gene Chandler",20.1933333333333
"John Ono Lennon",20.1538461538462
"The Impressions",20.1428571428571
"Jr. Walker & The All Stars",20.1264880952381
"Robin McNamara",20.1159090909091
"The Dells",20.0931464980713
"Lulu",20.0639730639731
"Free",20
"R. Dean Taylor",19.4
"Jack Blanchard & Misty Morgan",19.0997770345596
"Edison Lighthouse",18.9846153846154
"The Tee Set",18.7246913580247
"Brenda & The Tabulations",18.084237012987
"Vic Dana",18.0703309692671
"Mashmakhan",18.0645161290323
"Grand Funk Railroad",18.0593434343434
"The Gentrys",18.0356242118537
"Mungo Jerry",17.9487179487179
"Anne Murray",17.5
"Bobby Bloom",17.375
"Joe South",17.287037037037
"The Assembled Multitude",17.1376582278481
"R.B. Greaves",17.133386712655
"Andy Kim",17.1045751633987
"White Plains",17.0891181988743
"Mary Hopkin",17.0887503301296
"The Lettermen",17.0564806022258
"Street People",17.0486111111111
"Mountain",17.047619047619
"The Original Caste",17.0294117647059
"Alive & Kicking",17
"Ferrante & Teicher",16.7767676767677
"Tommy James & The Shondells",16.087922705314
"Buddy Miles",16.0657310297073
"Luther Ingram",16.040404040404
"Charley Pride",16.0398644742015
"Merle Haggard",16.0352598091198
"Otis Leavill",16.0297619047619
"100 Proof (Aged In Soul)",15.6785714285714
"Blood, Sweat & Tears",15.1773399014778
"Bobbi Martin",15.1641554321967
"The Presidents",15.0909090909091
"Pacific Gas & Electric",15.0821812596006
"Spinners",15.0714285714286
"George Baker Selection",15.0691244239631
"The Cuff Links",15.0619383825417
"Kool & The Gang",15.0360794715764
"Santana",14.6495726495726
"Five Flights Up",14.0652900091102
"Delaney & Bonnie",14.0618272425249
"Crabby Appleton",14.0555555555556
"Jimmy Cliff",14.0512359550562
"The Lost Generation",14.0333333333333
"Johnny Nash",14.025641025641
"Elephant's Memory",14.02
"Guy Drake",14.015873015873
"Wilbert Harrison",13.0625
"O.C. Smith",13.061717352415
"Little Richard",13.0565707133917
"Faith, Hope & Charity",13.0496323529412
"The Rascals",13.0368492224476
"Bobby Vinton",13.0324918186068
"Dennis Yost & The Classics IV",13.0314419061656
"The Pipkins",12.9444444444444
"The Moody Blues",12.1904761904762
"Eric Clapton",12.1111111111111
"Teegarden & Van Winkle",12.1028138528139
"Michael Parks",12.1
"Michael Nesmith & The First National Band",12.0952380952381
"Linda Ronstadt",12.08
"The New Seekers",12.0714285714286
"Eddie Floyd",12.0444444444444
"Dave Mason",12.0444280805106
"Jefferson",12.0434782608696
"Rufus Thomas",12.0357142857143
"Jackie DeShannon",12.0345165505226
"The Intruders",12.0339869281046
"Plastic Ono Band",12.0333333333333
"John Phillips",12.03125
"Al Martino",12.0301464254953
"Conway Twitty",12.029012345679
"Al DeLory",12.0285714285714
"Eydie Gorme",12.0222222222222
"Little Sister",11.0909090909091
"Canned Heat",11.0769230769231
"Jerry Butler",11.0483944784823
"Gary Puckett",11.0407836865254
"The Neighborhood",11.0344827586207
"The Main Ingredient",11.026614010989
"Bobby Goldsboro",11.0261538461538
"Ann Peebles",11.0222222222222
"Jim Ed Brown",11.0212765957447
"Jake Holmes",11.0204081632653
"Pickettywitch",11.0149253731343
"Fantasy",11.012987012987
"The Boys In The Band",10.0625
"Smith",10.060210258044
"Lenny Welch",10.0588235294118
"The Village Soul Choir",10.0545454545455
"Spirit",10.0392947855969
"Funkadelic",10.0373456790123
"The Lovelites",10.0333333333333
"Johnny Rivers",10.0302461410096
"Fleetwood Mac",10.0181818181818
"Jane Birkin",10.0172413793103
"The James Gang",10.0169491525424
"Mama Cass Elliot",9.09163059163059
"Hotlegs",9.09090909090909
"Miguel Rios",9.07142857142857
"Ernie (Jim Henson)",9.0625
"Isaac Hayes",9.04761904761905
"Quicksilver Messenger Service",9.04081632653061
"The Tokens",9.0374460742019
"El Chicano",9.03571428571429
"The O'Jays",9.02582908163265
"Paul Kelly",9.02040816326531
"Doris Duke",9.02
"The Whispers",9.02
"Shirley Bassey",9.01818181818182
"Freddy Robinson",9.01785714285714
"The New Hope",9.01754385964912
"Israel Popper Stopper Tolbert",9.01639344262295
"Van Morrison",8.05128205128205
"Marty Robbins",8.04761904761905
"Gladys Knight & the Pips",8.04
"Little Milton",8.03847475094469
"Mac Davis",8.0377358490566
"O.V. Wright",8.03703703703704
"Donovan",8.03636363636364
"Black Sabbath",8.0327868852459
"Vincent Bell",8.03225806451613
"Tommy James & the Shondells",8.02127659574468
"Lou Rawls",8.02094298245614
"Bert Sommer",8.02083333333333
"The Fortunes",8.01612903225806
"Dee Dee Warwick",8.01428571428571
"Poco",8.01388888888889
"Traffic",8.01351351351351
"Donny Hathaway",8.01149425287356
"Bob Dylan",7.04878048780488
"Eddie & Dutch",7.03846153846154
"David Ruffin",7.0377358490566
"David & Jimmy Ruffin",7.0327868852459
"Bill Deal & The Rhondels",7.03225806451613
"Isley Brothers",7.02666666666667
"Andy Williams",7.02435064935065
"Mel And Tim",7.02222222222222
"Tommy James",7.01754385964912
"Major Lance",7.01492537313433
"Grateful Dead",7.01449275362319
"Merry Clayton",7.01369863013699
"Murray Head",7.01351351351351
"Ten Wheel Drive",7.01351351351351
"Nina Simone",7.01315789473684
"Tammy Wynette",6.0520484087853
"The Illusion",6.03290816326531
"George Perkins& The Silver Stars",6.0327868852459
"Turley Richards",6.03210678210678
"Blue Mink",6.03125
"Deep Purple",6.03030303030303
"Tommy Cash",6.0253164556962
"Bob Seger System",6.02380952380952
"Roy Clark",6.02174940898345
"Steam",6.02173913043478
"The Doors",6.02
"Cold Blood",6.01923076923077
"Iron Butterfly",6.01515151515152
"Nazz",6.01515151515152
"Diane Kolby",6.01492537313433
"Joni Mitchell",6.01492537313433
"Syl Johnson",6.01470588235294
"Steve Miller Band",6.01449275362319
"Spiral Starecase",6.01388888888889
"The Chi-Lites",6.01388888888889
"Crystal Mansion",6.01369863013699
"Little Carl Carlton",6.01282051282051
"The Satisfactions",5.03147163120567
"Feather",5.0253164556962
"Ringo Starr",5.02298850574713
"Gene Pitney",5.02247191011236
"The Glass House",5.02222222222222
"Bobby Bland",5.02165262172285
"The Beach Boys",5.015625
"Alive 'N Kickin'",5.01449275362319
"Bobby Byrd",5.01449275362319
"Robert John",5.01408450704225
"Syndicate Of Sound",5.01369863013699
"Ronnie Hawkins",5.01333333333333
"Dusty Springfield",5.01315789473684
"The New Colony Six",5.01282051282051
"The Rattles",5.0126582278481
"The Newbeats",5.01219512195122
"Elton John",5.01086956521739
"Archie Bell & The Drells",4.0326164874552
"Jerry Naylor",4.02898550724638
"Jose Feliciano",4.02395295467585
"Mavis Staples",4.02298850574713
"Bobby Womack",4.02222222222222
"Jack Wild",4.02173913043478
"Little Anthony & The Imperials",4.02173913043478
"Bee Gees",4.02162730886135
"Edward Bear",4.01470588235294
"Lou Christie",4.01369863013699
"Herb Alpert & The Tijuana Brass",4.01351351351351
"Booker T. & The MG's",4.01315789473684
"Loretta Lynn",4.01204819277108
"Charlie Rich",4.01176470588235
"Les McCann & Eddie Harris",4.01176470588235
"The Youngbloods",4.01162790697674
"Sonny James",4.01149425287356
"Tony Burrows",4.01149425287356
"Berlin Philharmonic",4.01111111111111
"Dion",3.02666666666667
"The Caboose",3.0253164556962
"Liquid Smoke",3.02439024390244
"Fabulous Counts",3.02272727272727
"Cool Heat",3.02247191011236
"Johnny Winter",3.02173913043478
"Country Coalition",3.02083333333333
"Bill Cosby",3.01428571428571
"Quincy Jones",3.01351351351351
"Thelma Houston",3.01351351351351
"King Crimson",3.0125
"The Raiders",3.01219512195122
"Cannonball Adderley",3.01162790697674
"The Intrigues",3.01162790697674
"Ronnie Milsap",3.01149425287356
"Bobby Vee",3.01136363636364
"Frank Sinatra",3.01136363636364
"The Isley Brothers",3.01123595505618
"Miss Abrams",3.01111111111111
"Bobby (Boris) Pickett",3.01098901098901
"Barry Mann",3.01075268817204
"Bill Anderson",3.01075268817204
"Martha Reeves & The Vandellas",3.01075268817204
"Daybreak",3.01063829787234
"Etta James",3.01063829787234
"Love",3.01010101010101
"Dunn & McCashen",2.02197802197802
"Jackie Wilson",2.02197802197802
"The Brooklyn Bridge",2.02197802197802
"Willie Henderson",2.02197802197802
"Laura Nyro",2.02173913043478
"The Box Tops",2.02173913043478
"Jamul",2.02150537634409
"Frankie Valli",2.02127659574468
"Neon Philharmonic",2.02127659574468
"Jesse Anderson",2.02105263157895
"The Klowns",2.02105263157895
"Rotary Connection",2.02083333333333
"Oliver",2.02061855670103
"Brooklyn Bridge",2.02040816326531
"Donnie Elbert",2.02040816326531
"Ten Years After",2.02040816326531
"Dorothy Morrison",2.02020202020202
"Whatnauts",2.02020202020202
"Brian Auger And The Trinity",2.02
"The Turtles",2.02
"Ginger Baker's Air Force",2.01176470588235
"The Flamingos",2.01162790697674
"The Flying Machine",2.01149425287356
"McKinley Travis",2.01098901098901
"Jim Campbell",2.01075268817204
"Tony Joe White",2.01063829787234
"The Flame",2.01052631578947
"The Raeletts",2.01041666666667
"Brenda Lee",2.01030927835052
"Italian Asphalt & Pavement Company",2.01030927835052
"Owen B.",2.01030927835052
"Ray Charles",2.01020408163265
"The Monkees",2.01020408163265
"Rozetta Johnson",1.01063829787234
"Waylon Jennings",1.01063829787234
"The Chambers Brothers",1.01041666666667
"The Byrds",1.01030927835052
"The Manhattans",1.01020408163265
"Arkade",1.01010101010101
"Ray Charles Singers",1.01010101010101
"Archie Bell And The Drells",1.01
"Howard Tate",1.01
"The Clique",1.01
"The Miracles",1.01
