"Artist","sum"
"Donna Summer",109.333959899749
"Bee Gees",76.4172932330827
"Village People",72.1568376068376
"Earth, Wind & Fire",69.3188810006761
"Peaches & Herb",68.4584321475626
"Kenny Rogers",63.9009920634921
"Dr. Hook",59.4670033670034
"Supertramp",55.8571428571429
"Chic",55.1743311767792
"Styx",53.9007541720154
"Blondie",53.4537037037037
"The Doobie Brothers",51.6828571428571
"The Knack",49.6363636363636
"Commodores",49.1176470588235
"Gloria Gaynor",47.8386243386243
"Billy Joel",47.4893483709273
"Olivia Newton-John",46.8082324179885
"Barbra Streisand",45.4509803921569
"Anne Murray",45.4133333333333
"Electric Light Orchestra",44.8040540540541
"Sister Sledge",44.4853801169591
"Toto",43.3001984126984
"Little River Band",42.8666666666667
"Rod Stewart",42.7597402597403
"Foreigner",42.3761904761905
"Cheap Trick",41.9843262001157
"Suzi Quatro",41.7717171717172
"Wings",40.4844827586207
"Melissa Manchester",37.5867394238104
"Pointer Sisters",37.5115942028986
"Bonnie Pointer",37.1990595611285
"Gerry Rafferty",36.2254901960784
"Leif Garrett",35.2131096973202
"The Cars",35.191637630662
"GQ",35.1833333333333
"Eddie Money",34.0969555806512
"Anita Ward",33.2495894909688
"John Stewart",33.2492063492063
"Cher",32.8663046842287
"Barry Manilow",32.2063492063492
"Frank Mills",31.8541666666667
"Robert John",31.3333333333333
"Herb Alpert",30.6
"Maxine Nightingale",30.5876116736152
"Nicolette Larson",30.3978163493841
"Amii Stewart",30.0144927536232
"Elton John",29.921146953405
"M",28.75
"Rickie Lee Jones",28.525
"Cheryl Lynn",28.2661290322581
"Bob Seger",28.2252747252747
"Atlanta Rhythm Section",28.2229102167183
"Eddie Rabbitt",28.1871794871795
"Dionne Warwick",28.15
"Journey",28.1422413793103
"Nigel Olsson",28.140522875817
"Poco",28.1088235294118
"Blackfoot",28.0910931174089
"Michael Jackson",27.8694885361552
"Rupert Holmes",27.7619047619048
"KISS",27.2243713733075
"Dire Straits",27.2111111111111
"David Naughton",26.9
"Linda Ronstadt",26.8084415584416
"Hot Chocolate",26.5744234800839
"Eric Clapton",26.2722222222222
"Bad Company",26.1895604395604
"England Dan & John Ford Coley",25.3311111111111
"Maureen McGovern",25.1303418803419
"Kansas",25.0986064659978
"Jacksons",24.7012987012987
"Stevie Wonder",24.3055555555556
"Ian Matthews",24.1836969001148
"Pablo Cruise",24.1487414187643
"Rick James",24.0523636398336
"Randy Vanwarmer",23.5
"Blues Brothers",23.1969111969112
"J.D. Souther",23.1904761904762
"Diana Ross",23.1222123104371
"Dolly Parton",23.1099361655294
"Chicago",23.1092235871077
"Raydio",23.020202020202
"Charlie Daniels Band",22.5555555555556
"ABBA",22.0932565789474
"Rockets",22.0862745098039
"Talking Heads",22.0634615384615
"Evelyn Champagne King",22.0568115942029
"Jennifer Warnes",22.0526315789474
"Eagles",22
"Bobby Caldwell",21.7222222222222
"Ace Frehley",21.1538461538462
"Barbara Mandrell",21.0869880391446
"Triumph",21.0495716034272
"Dan Hartman",20.0799545282304
"The Police",20.0760135135135
"Michael Johnson",20.0526315789474
"Patrick Hernandez",19.1875
"The Babys",19.1798201798202
"Boston",19.1079943899018
"Roger Voudouris",19.0952380952381
"Crystal Gayle",19.0785714285714
"Van Halen",19.0785714285714
"Yvonne Elliman",19.0757726819541
"Chris Thompson",19.0588235294118
"J. Geils Band",19.0434968017058
"Fleetwood Mac",18.7083333333333
"McFadden & Whitehead",18.1538461538462
"Bob Welch",18.1189617880317
"Livingston Taylor",18.0910569105691
"Santana",18.0794491525424
"The Beach Boys",18.0704545454545
"Neil Diamond",18.0681818181818
"K.C & The Sunshine Band",18.0547058823529
"Moon Martin",18.0533333333333
"Instant Funk",18.05
"Herbie Mann",18.0384615384615
"Rex Smith",17.45
"Sylvester",17.1055555555556
"Lobo",17.0869565217391
"Alan Parsons Project",17.0740740740741
"Brenda Russell",17.0666666666667
"Kermit (Jim Henson)",17.04
"New England",17.0394927536232
"Chanson",16.0952380952381
"Bell & James",16.0666666666667
"France Joli",16.0666666666667
"Queen",16.0532945736434
"The Crusaders",16.0277777777778
"Nick Lowe",15.25
"Robert Palmer",15.1428571428571
"Sniff 'n' the Tears",15.1333333333333
"George Benson",15.1111111111111
"Night",15.1111111111111
"Joe Jackson",15.0952380952381
"Orleans",15.0909090909091
"Lauren Wood",15.0833333333333
"Spyro Gyra",15.0833333333333
"Foxy",15.047619047619
"George Harrison",14.125
"Stephanie Mills",14.0909090909091
"Jay Ferguson",14.0645161290323
"John Cougar",14.0357142857143
"Peter Frampton",13.1428571428571
"The Who",13.0592592592593
"Ashford & Simpson",13.0555555555556
"Exile",13.0477272727273
"Tycoon",13.0384615384615
"Faith Band",13.0316764132554
"Thelma Houston",13.0294117647059
"Niteflyte",13.027027027027
"Meat Loaf",13.025641025641
"Ian Gomm",12.1111111111111
"Bob Dylan",12.0833333333333
"Chuck Brown & The Soulsearchers",12.0588235294118
"Neil Young",12.045445113094
"Hotel",12.0435185185185
"Sammy Hagar",12.0413586413586
"Gene Chandler",12.0390699447303
"Gonzalez",12.0384615384615
"Wet Willie",12.0344827586207
"Alton McClain",12.03125
"Giorgio Moroder",12.030303030303
"Edwin Starr",12.0280428432327
"Bram Tchaikovsky",12.027027027027
"Mary MacGregor",12.025641025641
"The Kinks",12.0243902439024
"Delegation",12.0222222222222
"Claudja Barry",12.0178571428571
"James Taylor",11.0714285714286
"McGuinn, Clark & Hillman",11.0606060606061
"April Wine",11.0588235294118
"Herman Brood",11.0571428571429
"Bellamy Brothers",11.0512820512821
"Richie Furay",11.0512820512821
"Rose Royce",11.03125
"Jimmy Buffett",11.0285714285714
"Dobie Gray",11.027027027027
"Pink Lady",11.027027027027
"The Jones Girls",11.0263157894737
"Marshall Hain",11.0232558139535
"Ronnie Milsap",11.0232558139535
"Narada Michael Walden",11.0212765957447
"Saint Tropez",11.0204081632653
"Desmond Child",11.0196078431373
"Billy Thorpe",10.0487804878049
"Daryl Hall & John Oates",10.047619047619
"Mass Production",10.046511627907
"Helen Reddy",10.0333333333333
"The Rolling Stones",10.0322580645161
"Heart",10.0294117647059
"Ironhorse",10.0277777777778
"Captain & Tennille",10.025
"The Buggles",10.025
"Gary's Gang",10.0243902439024
"AC/DC",10.0212765957447
"Funky Communication Committee",10.0212765957447
"Machine",10.012987012987
"Al Stewart",9.06896551724138
"Bette Midler",9.05
"Roxy Music",9.04545454545454
"Mistress",9.04081632653061
"The Allman Brothers Band",9.03448275862069
"The Raes",9.0327868852459
"Voyage",9.02439024390244
"Firefall",9.02325581395349
"Louise Goffin",9.02325581395349
"Liquid Gold",9.02222222222222
"Ian Lloyd",9.02
"John Paul Young",9.01818181818182
"Toby Beau",9.01754385964912
"Sad Caf�",9.01408450704225
"Bonnie Boyer",8.04651162790698
"Marc Tanner Band",8.04444444444444
"Gene Simmons",8.04255319148936
"Third World",8.04255319148936
"Ray Stevens",8.04081632653061
"The Marshall Tucker Band",8.02380952380952
"Chris Rea",8.02272727272727
"Frank Zappa",8.02222222222222
"The Addrisi Brothers",8.02222222222222
"Art Garfunkel",8.0188679245283
"Fern Kinney",8.01851851851852
"Rainbow",8.01754385964912
"Kenny Loggins",8.01666666666667
"Errol Sober",8.01538461538462
"Switch",8.01449275362319
"Wayne Newton",8.01111111111111
"Pat Travers",7.03571428571429
"Nature's Divine",7.03076923076923
"The Sports",7.02222222222222
"Melba Moore",7.02127659574468
"Carly Simon",7.02083333333333
"The Faragher Bros",7.02
"Waylon",7.01851851851852
"Cindy Bullens",7.01785714285714
"Manfred Mann's Earth Band",7.01724137931035
"Oak",7.01724137931035
"Bachman-Turner Overdrive",7.01666666666667
"Space",7.01666666666667
"Hair (Original Soundtrack Recording)",7.015625
"Rita Coolidge",7.01515151515152
"Carrie Lucas",7.01428571428571
"Ian Hunter",6.04411764705882
"Gino Soccio",6.04166666666667
"Tony Orlando",6.03703703703704
"The Records",6.03571428571429
"Steve Dahl",6.03448275862069
"Linda Clifford",6.02439024390244
"The Tarney/Spencer Band",6.02380952380952
"Teddy Pendergrass",6.02083333333333
"Beckmeier Brothers",6.0188679245283
"T-Connection",6.01785714285714
"Nick Gilder",6.01754385964912
"Engelbert Humperdinck",6.01724137931035
"Charlie",6.01666666666667
"Blackjack",6.01612903225806
"Player",6.01612903225806
"Dave Edmunds",6.01538461538462
"Judy Collins",6.01515151515152
"Witch Queen",6.01470588235294
"Shalamar",6.0126582278481
"Peter Brown",6.01162790697674
"Glenn Sutton",5.04347826086957
"Kim Carnes",5.03571428571429
"Tasha Thomas",5.03296703296703
"Philly Cream",5.02985074626866
"The Headboys",5.02985074626866
"Arpeggio",5.02857142857143
"Stonebolt",5.02857142857143
"Euclid Beach Band",5.02469135802469
"Five Special",5.01818181818182
"America",5.01785714285714
"Eric Carmen",5.01612903225806
"Buckeye",5.01587301587302
"Maze",5.01492537313433
"Carolyne Mas",5.01408450704225
"Deniece Williams",5.01369863013699
"Stephen Bishop",5.01369863013699
"Shoes",5.01333333333333
"Dan Peek",5.01282051282051
"Gino Vannelli",5.01282051282051
"Gibson Brothers",5.01234567901235
"Orsa Lia",5.01190476190476
"Bama",5.01162790697674
"T.M.G.",4.03296703296703
"Ellen Foley",4.03260869565217
"Badfinger",4.02898550724638
"Sarah Dash",4.02816901408451
"Funkadelic",4.02597402597403
"Cooper Brothers",4.0253164556962
"Cat Stevens",4.02409638554217
"Keith Herman",4.02298850574713
"Nancy Brooks",4.01515151515152
"Brooklyn Dreams",4.01449275362319
"Tanya Tucker",4.01428571428571
"Southside Johnny",4.01408450704225
"Randy Brown",4.01388888888889
"Blue �yster Cult",4.01351351351351
"Taka Boom",4.01351351351351
"Flash & The Pan",4.01315789473684
"Bandit",4.01298701298701
"Frankie Valli",4.01298701298701
"Taste Of Honey, A",4.0126582278481
"Fabulous Poodles",4.01234567901235
"Lazy Racer",4.01234567901235
"Maynard Ferguson",4.01219512195122
"Pousette-Dart Band",4.01204819277108
"Kate Bush",4.01176470588235
"John Davis",4.01123595505618
"Steve Martin",4.01098901098901
"Cheri & Marie Currie",3.03157894736842
"Frannie Golde",3.02631578947368
"Patti Smith Group",3.02222222222222
"The Barron Knights",3.01428571428571
"Zwol",3.01333333333333
"Cory Daye",3.01315789473684
"Aerosmith",3.01298701298701
"London Symphony Orchestra",3.01234567901235
"Ultimate",3.01219512195122
"Pages",3.01190476190476
"10cc",3.01176470588235
"Long John Baldry",3.01123595505618
"Tim Curry",3.01098901098901
"Average White Band",3.01086956521739
"Alicia Bridges",2.02325581395349
"The Wonder Band",2.02298850574713
"Parliament",2.02247191011236
"Grey & Hanks",2.01204819277108
"Ted Nugent",2.01190476190476
"Samantha Sang",2.01136363636364
"The Isley Brothers",2.01111111111111
"Liner",2.01086956521739
"Wilson Brothers",2.01063829787234
"Bill Wray",2.01041666666667
