"Artist","sum"
"'N Sync",117.785561497326
"Santana",98.1707116412999
"Eminem",76.7594627594628
"Dr. Dre",71
"Creed",61.3961988304094
"Celine Dion",61.0219696969697
"Christina Aguilera",54.1410256410256
"Backstreet Boys",52.7152553329024
"DMX",47.6507936507937
"Dixie Chicks",47.3859649122807
"Sisqo",46.0308080808081
"Destiny's Child",44.9400438083885
"Nelly",43.95
"Kid Rock",38.1262626262626
"Faith Hill",37.4377990430622
"Britney Spears",36.4761904761905
"3 Doors Down",36.3587662337662
"Korn",36.1862745098039
"Shania Twain",35.6607538802661
"Macy Gray",35.3848443223443
"Limp Bizkit",34.9142857142857
"Jay-Z",33.7892156862745
"Red Hot Chili Peppers",31.6923076923077
"Savage Garden",31.5324425574426
"Various Artists",30.8666666666667
"Papa Roach",30.3595238095238
"Sting",29.8789682539683
"Eiffel 65",29.424358974359
"Metallica",29.0333333333333
"Mariah Carey",29
"Blink-182",28.0833333333333
"Joe",27.277183600713
"Lou Bega",26.7023923444976
"Will Smith",26.1388888888889
"Marc Anthony",25.9206349206349
"Matchbox Twenty",25.6623376623377
"Toni Braxton",25.4896214896215
"Ricky Martin",25.4184782608696
"Enrique Iglesias",25.0757575757576
"Kenny G",23.3454545454545
"The Notorious B.I.G.",23.3309523809524
"Brian McKnight",23.2058823529412
"D'Angelo",23.1860119047619
"Juvenile",22.3737373737374
"Jessica Simpson",22.3111111111111
"B.B. King/Eric Clapton",21.875
"Rage Against The Machine",21.683223209539
"Smash Mouth",21.5175438596491
"Jagged Edge",21.5
"Lonestar",21.3529411764706
"2Pac/Outlawz",21.125
"Godsmack",21.0317307692308
"Bone Thugs-N-Harmony",20.9848484848485
"Madonna",20.6547619047619
"Big Tymers",20.5737745098039
"Pink",20.3529411764706
"Andrea Bocelli",20.1396103896104
"Moby",19.9166666666667
"Baha Men",19.6666666666667
"Third Eye Blind",18.9958333333333
"No Doubt",18.875
"Bloodhound Gang",18.8174603174603
"Mystikal",18.5384615384615
"George Strait",18.2666666666667
"LFO",18.229797979798
"Alan Jackson",18.031746031746
"Garth Brooks",17.9166666666667
"Whitney Houston",17.8461538461538
"Vertical Horizon",17.3026315789474
"Bon Jovi",17.037037037037
"Cypress Hill",16.7435897435897
"Nas",16.3620680044593
"Mary J. Blige",16.2232558139535
"Lil' Kim",16.1938461538462
"A Perfect Circle",15.8333333333333
"Eve",15.8076923076923
"SheDaisy",15.5
"504 Boyz",15.4326923076923
"Carl Thomas",15.1975757575758
"Slipknot",15.1363636363636
"Ice Cube",15
"Kelly Price",14.6387107474569
"Jennifer Lopez",14.6055555555556
"Don Henley",14.5409090909091
"OutKast",14.5212765957447
"Da Brat",14.4706349206349
"Incubus",14.4101654846336
"Beastie Boys",14.31279178338
"Black Rob",14.1818181818182
"Dave Matthews Band",14.1666666666667
"Lil' Wayne",14.1538461538462
"Ja Rule",14.117816091954
"Lee Ann Womack",14.0606060606061
"Billy Gilman",14
"Mandy Moore",13.6527964959569
"Foo Fighters",13.625
"LeAnn Rimes",13.6111111111111
"Charlotte Church",13.5238095238095
"Yolanda Adams",13.518643685082
"Goo Goo Dolls",13.3333333333333
"Gerald Levert",13.3181818181818
"Big Punisher",13.1515151515152
"Sarah McLachlan",13.0681818181818
"Steely Dan",12.9848484848485
"Reba McEntire",12.5833333333333
"Counting Crows",12.25
"Disturbed",12.1666666666667
"Next",12.1563182148921
"Deftones",12.1272401433692
"LL Cool J",12.125
"Everclear",11.4222222222222
"Kenny Chesney",11.1428571428571
"Lenny Kravitz",11.1
"P.O.D.",11
"Mya",10.7
"Drama",10.7
"TLC",10.6667311411992
"Sammie",10.5512987012987
"Avant",10.4444444444444
"Bush",10.3111111111111
"AC/DC",10.3111111111111
"Pearl Jam",10.2111111111111
"U2",10.2111111111111
"Rosie O'Donnell",10.1521028538731
"Blaque",10.1468253968254
"Common",10.1455555555556
"Busta Rhymes",10.1309523809524
"Angie Stone",10.1309523809524
"The Lox",10.1251114081996
"Stone Temple Pilots",10.1176470588235
"Wyclef Jean",10.0526315789474
"Vitamin C",10.0526315789474
"Trick Daddy",10.0238095238095
"R. Kelly",9.58333333333333
"Fiona Apple",9.45
"Toby Keith",9.36111111111111
"Q-Tip",9.35
"Jewel",9.35
"Staind",9.35
"Dido",9.18977591036414
"Montell Jordan",9.1516265597148
"Beanie Sigel",9.1037037037037
"Drag-On",9.09090909090909
"Barenaked Ladies",9.07692307692308
"Bob Marley",8.78421052631579
"BBMak",8.57142857142857
"Beck",8.57142857142857
"Martina McBride",8.55357142857143
"Lucy Pearl",8.55357142857143
"Led Zeppelin",8.53968253968254
"Filter",8.52857142857143
"Radiohead",8.52857142857143
"Kittie",8.12949039264829
"Eric Clapton",8.11911881977671
"Hot Boys",8.11868686868687
"Amy Grant",8.10876623376623
"Mary Mary",8.10460992907801
"The Smashing Pumpkins",8.10210442723844
"Barbra Streisand",8.09774436090225
"Ghostface Killah",8.09523809523809
"Boyz II Men",8.08651162790698
