new wave pop,13871.9039233975
new wave,11690.5122500578
new romantic,11283.8107601391
dance rock,11112.5263147387
synthpop,8393.84107916681
soft rock,7145.85729907603
art rock,6108.14490679354
hi nrg,5966.75886350143
rock,5803.59470970324
album rock,5740.28887370341
mellow gold,5455.31053068507
glam rock,5202.0693845902
soul christmas,4609.20950497369
quiet storm,4169.75438333898
disco,4148.22322901809
funk,3864.26398715541
classic funk rock,3485.92358011116
soul,3441.02601562174
post disco,3346.95951034075
permanent wave,3238.97341408128
motown,3064.76671184513
pop christmas,3002.53556038323
hard rock,2946.99221637461
funk rock,2914.2734803776
uk post punk,2665.55595428733
classic rock,2585.63979488511
europop,2430.60941383756
post punk,1979.37433142297
singer songwriter,1801.36844910017
protopunk,1728.11591771001
folk rock,1675.66662170702
dance pop,1563.3919045091
madchester,1548.69183009457
urban contemporary,1521.84601272917
roots rock,1315.11639614473
heavy christmas,1312.88637898861
blues rock,1305.5187649714
folk christmas,1237.09510074721
new jack swing,1149.09158336442
progressive rock,1143.51717630635
pub rock,1131.37328289012
rock and roll,1109.80076456108
metal,1101.5143026539
adult standards,960.998193075143
british blues,934.023333176736
punk,930.245267440529
zolo,905.719990638296
christmas,895.56780471678
glam metal,851.833343979191
symphonic rock,849.341868461418
boy band,839.048272836167
pop,820.393268182815
british invasion,819.084597681081
freestyle,810.34270771032
rockabilly,777.272341600127
gothic rock,776.06255418564
jazz christmas,712.037800937345
brill building pop,697.044639108075
southern rock,689.452920968367
old school hip hop,654.070429358792
southern soul,633.652248297194
melancholia,629.640566341488
country rock,629.139195404344
ska revival,616.647971016593
folk pop,607.691347495688
reggae,596.718414120275
smooth jazz,583.198622451593
jazz funk,572.033628131444
hip house,554.983831626413
ska,551.006856561307
deep new wave,545.653711857811
post disco soul,538.716635615577
electro,523.964141923368
chicago soul,521.380601905236
psychedelic rock,467.84626055291
nwobhm,462.903388049961
britpop,456.784062838127
traditional folk,449.776650135045
piano rock,428.561715856359
soul blues,423.898870069695
speed metal,422.773191694233
mod revival,415.326934289636
hip hop,407.999735081733
italian disco,406.185354683278
rap,402.68452688038
bubblegum pop,403.280247162715
folk,401.386660319818
reggae fusion,376.251494113121
acid house,366.726284229661
experimental,352.350216497948
dream pop,353.247393242594
lovers rock,350.812401282348
chicago house,341.427789882472
memphis soul,338.588011834585
electronic,321.869013806247
neo soul,307.545145985115
indie christmas,304.815181826928
r b,304.382602185912
roots reggae,294.984586853639
australian pop,285.439664670396
scottish rock,282.284159121843
dancehall,275.526400709646
alternative rock,274.30975527799
celtic rock,270.748291388402
c86,267.529901439976
merseybeat,263.619824656486
australian dance,261.90169554249
lounge,261.72294005286
jazz fusion,252.527699489908
jangle pop,252.478265634369
candy pop,250.44082615174
experimental rock,238.391419484885
electric blues,237.928385055536
hardcore punk,235.502304338868
australian alternative rock,230.846539514201
dub,228.92145545853
hardcore hip hop,221.914688754595
vocal jazz,216.140441475162
neo psychedelic,213.969513000126
oi,212.942732959012
pop rock,211.52804067475
dark wave,208.597317003909
industrial rock,205.469505575348
world christmas,201.023957757407
power pop,198.647673955684
lilith,190.593641354225
new age,183.649522799406
rap rock,182.133147533026
indie rock,176.786717523675
big beat,173.808419019905
thrash metal,173.429429273938
bow pop,171.495360458154
no wave,171.555189598507
neo progressive,168.866366676337
progressive metal,169.404542366014
jazz blues,166.285311091745
cowpunk,166.817218991626
rock steady,162.919950186039
texas blues,161.048542491277
soul jazz,160.701600980787
punk christmas,149.34598070627
space rock,146.465499771644
shoegaze,144.439366877926
p funk,143.568329197209
funk metal,141.222929733621
east coast hip hop,139.152732791022
swedish pop,137.22867499475
country christmas,134.038994648154
celtic christmas,132.59388488291
gangster rap,131.196667933071
eurodance,129.147228926436
sleaze rock,129.024284133779
celtic,128.590181179206
modern blues,126.117890525055
show tunes,121.74717381453
cabaret,122.451466988567
electroclash,120.86615263935
nashville sound,116.736608240284
chamber pop,113.870267867894
twee pop,109.569017289879
irish folk,107.691859311372
groove metal,108.584098482213
industrial,107.667636724401
operatic pop,105.880779069556
traditional country,103.64432740476
country gospel,103.64432740476
beach music,103.96662360345
deep funk,99.4708207309862
techno,95.6587854140148
latin christmas,96.1667504040761
corrosion,96.8218244669709
latin pop,91.1031876510397
german pop,91.844441839015
deep house,90.4848693071006
latin,90.087803035655
country,88.4615077003826
northern soul,87.078822303556
detroit techno,85.4476743029037
german techno,83.8904790290554
kraut rock,83.8904790290554
chill out,82.1453739598862
melodic hard rock,79.2747106975831
traditional irish folk,79.3494571490689
power metal,75.5901628067109
welsh rock,75.6925065346639
eurobeat,76.4011749212632
ethereal wave,72.7597985550997
deep disco,73.55219205705
nu gaze,71.927669385706
acid jazz,72.471455021703
hip pop,70.7135667193019
industrial metal,69.4502026082849
trip hop,68.8947891645646
downtempo,68.8947891645646
noise pop,68.9488215535769
vocal house,67.6114400290388
doo wop,66.4890582288536
canadian metal,64.5090570486013
laboratorio,65.2978699518419
hollywood,61.1113056265766
psychobilly,60.3085299292037
contemporary country,60.2845881598151
skate punk,54.3551183779195
neo mellow,54.7770247773703
underground hip hop,53.4675637521321
pop rap,54.4247149600621
swedish hard rock,54.5265534966629
soundtrack,53.7450396636254
comic,52.30706781319
neue deutsche welle,51.1557803797013
australian country,49.5831969775631
easy listening,49.4586242902684
crossover thrash,49.3503061042276
contemporary post bop,50.0913100647095
alternative hip hop,48.4346903701753
celtic punk,48.3315015535097
jazz,46.0714427661276
intelligent dance music,44.460599540237
fourth world,42.167691234333
austropop,43.1211012906744
a cappella,42.4267785541056
steampunk,42.2570287849454
french rock,42.4920608354342
canterbury scene,41.3111024635664
stoner rock,40.2308599085302
bubblegum dance,39.6845860760244
turntablism,39.3694432020628
irish rock,37.3263111644731
dansktop,37.3150623885918
world,38.1938283783078
deep punk rock,35.2190283026606
cool jazz,36.0296533186777
breakbeat,35.2499226453656
bebop,36.0296533186777
alternative metal,34.2284827699335
southern soul blues,29.5558384347768
anarcho punk,30.280672698547
speed garage,29.1940144478844
indonesian pop,29.3132631309456
chanson,29.4696969696969
traditional blues,30.3380399571466
anti folk,30.2577677308123
folk punk,30.280306925188
swing,30.3368213430942
drum and bass,28.2051282051282
hard glam,28.2123585291928
jungle,28.2051282051282
south african jazz,27.1788017933492
icelandic pop,26.1685728976905
chicago blues,26.3009714795009
alternative country,27.1107024490543
bossa nova,26.1434242627813
blues,26.3009714795009
ambient,23.1285569105691
garage rock,24.0931709023155
outlaw country,23.1259812013384
teen pop,21.3846153846154
western swing,20.3043993913355
traditional rock  n roll,21.0756468931526
cowboy western,20.3043993913355
nwothm,21.141210823546
german metal,18.1317458332129
gothic post punk,19.1158743389517
soca,18.1292298542968
turkish hip hop,18.144696969697
country dawn,19.1234843349659
classic soundtrack,20.0117647058823
kiwi rock,20.1221241071948
kirtan,20.6936936936937
slow core,19.1239842186435
surf music,19.1238800711262
brazilian pop music,20.1025573897163
crossover prog,18.9165826665827
alternative pop,19.1441046296004
samba,18.0907926838339
j rap,17.390814258772
country blues,17.0880399571466
opera,18.077764174533
grindcore,17.125274122807
japanese r b,17.390814258772
nu jazz,18.1213287309544
juggalo,17.0914891676314
skinhead reggae,17.1571331273297
mpb,18.0907926838339
deep italo disco,17.0554952440033
lo fi,16.1451363865145
entehno,15.1363636363636
flamenco,14.5516935884217
honky tonk,15.2704081632653
riot grrrl,14.1093288032917
rumba,14.5516935884217
memphis blues,13.0509714795009
death metal,13.0989583333333
acoustic blues,14.076676320783
nu metal,14.0629944518606
hard bop,12.0487804878049
technical death metal,12.0833333333333
brutal death metal,12.0833333333333
dance punk,13.0825563325563
jam band,13.25
latin jazz,14.0647671840355
rap metal,14.0629944518606
disco house,12.0810720742344
country road,12.0621711621712
minimal wave,12.0776786611131
black death,12.0833333333333
j dance,12.0695762175838
indie psych pop,12.0933385862963
deathgrind,12.0833333333333
irish indie,11.1428571428571
goregrind,12.0833333333333
texas country,10.0559637188209
dark progressive house,11.0454545454545
g funk,10.0587353253538
house,10.0560456909991
deep progressive house,11.0454545454545
japanese psychedelic,11.0588235294118
west coast rap,10.0587353253538
comedy rock,11.0402777777778
melodic hardcore,11.0551724496971
belgian rock,10.0123456790123
tropical,8.03439024390244
broken beat,8.05263157894737
comedy,9.03125
desert blues,9.03448275862069
indietronica,9.0658403254513
deep melodic hard rock,10.0645042287937
big band,10.0471507528111
progressive trance house,11.0454545454545
forro,10.0411633759195
israeli rock,8.06666666666667
mizrahi,8.06666666666667
west african jazz,9.03448275862069
mande pop,9.03448275862069
mambo,8.03439024390244
salsa,8.03439024390244
boogaloo,8.03439024390244
boston rock,7.05770257923957
vintage reggae,8.05263157894737
grunge,9.03392244569961
new orleans blues,9.03238770685579
classic belgian pop,10.0123456790123
straight edge,8.03623970115905
ninja,8.05499852187009
christian christmas,9.04028733845539
noise rock,9.04676659125188
hardcore,8.03623970115905
british folk,6.04522355912062
african rock,7.03422152560084
new rave,6.04444444444444
norwegian rock,6.06304824561404
kwaito,7.03422152560084
electro jazz,6.02860983102918
japanese standards,7.01785714285714
classic french pop,5.03008658008658
traditional swing,4.01219512195122
neo classical metal,5.01162790697674
thrash core,5.04194078947368
ragtime,6.02896893462931
delta blues,6.01960784313725
calypso,6.07894736842105
miami bass,6.03565191207468
hyphy,7.02994652406417
exotica,6.03634202767707
street punk,6.04067504784672
alternative roots rock,7.03555555555556
drone psych,5.0126582278481
illbient,5.0341561423651
neo trad metal,5.04854075551887
deep southern soul,5.0313596491228
mexican indie,5.0274328081557
psychill,5.06578947368421
swamp blues,4.02
kabarett,4.03174603174603
deep motown,5.02631578947368
tekno,5.02639933166249
crust punk,5.04194078947368
nu skool breaks,6.03226645849597
classic eurovision,5.03164411832149
chill lounge,5.0625
dixieland,6.02896893462931
new orleans jazz,6.02896893462931
schlager,6.02807017543859
alternative dance,6.04444444444444
perth indie,4.03511901959862
classical christmas,5.02775707898659
balearic,5.03322743564679
spanish new wave,6.03276573787409
classical,5.02775707898659
opm,5.02604430914934
new beat,5.02085369827305
deep latin alternative,5.0274328081557
thai pop,5.04631578947368
italian jazz,4.01724137931035
hard house,3.01694915254237
brutal deathcore,3.01587301587302
folk prog,4.0125
spanish indie pop,3.03650201926064
horror punk,3.02830940988836
gospel,3.03075117370892
german hip hop,4.0188679245283
post grunge,3.0188679245283
shibuya kei,3.03202928391672
louisiana blues,4.02
classic norwegian pop,4.02272727272727
christian metal,4.02139588100686
j pop,4.01851851851852
vintage swing,4.02325581395349
worship,4.01818181818182
piedmont blues,4.03706847764572
tribal house,3.01612903225806
finnish indie,3.02
suomi rock,3.02
deep soft rock,3.01282051282051
scratch,3.01408450704225
afrobeat,3.03947368421053
drone folk,4.01176470588235
outsider,4.02631578947368
portland indie,3.01282051282051
deep ragga,3.01449275362319
black thrash,3.02
swamp pop,3.01098901098901
choro,3.01785714285714
cajun,3.01098901098901
zydeco,3.01098901098901
dark cabaret,3.02040816326531
spytrack,2.01282051282051
psychedelic blues rock,2.02702702702703
brazilian composition,3.01785714285714
new jack smooth,2.02519288301055
latin metal,3.02222496604519
malaysian pop,3.01234567901235
bossa nova jazz,3.01785714285714
barbershop,3.02298850574713
argentine indie,3.03947368421053
freakbeat,2.02414690572585
velha guarda,3.01785714285714
danish pop,2.01149425287356
christian alternative rock,2.01123595505618
dubstep,2.01515151515152
rock gaucho,2.01176470588235
drumfunk,2.01162790697674
ebm,2.02010101010101
canadian country,3.01639344262295
uk hip hop,2.01111111111111
smooth urban r b,1.01086956521739
catstep,2.01063829787234
mashup,2.01086956521739
christian music,2.01123595505618
electro industrial,2.02010101010101
ska punk,1.01052631578947
german show tunes,1.01020408163265
venezuelan rock,1.01052631578947
gamelan,1.01162790697674
brostep,2.01063829787234
filthstep,2.01063829787234
peruvian rock,1.01449275362319
post hardcore,1.01041666666667
polish punk,1.01315789473684
norwegian punk,2.01041666666667
deep freestyle,2.01041666666667
chillstep,2.01063829787234
movie tunes,2.01176470588235
italian hip hop,2.0126582278481
ccm,2.01123595505618
indie pop,1.01052631578947
dutch pop,1.01041666666667
deep vocal house,1.01010101010101
classic venezuelan pop,1.01052631578947
