pop christmas,11142.4622556416
dance pop,8722.76040072357
pop,7544.42118208198
urban contemporary,5648.31628843377
pop rap,5513.26240233427
pop rock,5403.0833551491
r b,5061.62904800739
hip hop,4641.93141893543
post grunge,4504.24122358535
rap rock,4219.74095849369
rock,4173.18860860843
contemporary country,4151.02179560468
nu metal,3994.25479792735
alternative metal,3917.17159344266
country,3907.17870968733
alternative rock,3578.47504021915
country christmas,3421.19576469172
rap,3258.61595020449
funk metal,3084.93113777845
rap metal,2609.69176010765
teen pop,2576.3413913035
hip pop,2518.14547469611
neo soul,2503.40276944938
neo mellow,2496.85245732702
southern hip hop,2469.83978768519
gangster rap,2453.08500290153
soul christmas,2292.07744792359
dirty south rap,2285.6825320618
funk rock,2108.67660025483
permanent wave,2096.98572149203
europop,1911.4957096277
crunk,1879.7966050401
singer songwriter,1853.91863593868
trap music,1666.9273212237
country road,1604.71756471373
indie r b,1596.08933835289
groove metal,1524.98958887989
country dawn,1463.98094652891
folk christmas,1424.76070069572
mellow gold,1247.45704662653
pop punk,1171.56267157946
new jack swing,1108.21367023129
hardcore hip hop,1017.27592494211
soft rock,995.889345293336
album rock,956.449033187171
grunge,922.043356672603
folk pop,885.500979694012
boy band,883.404067833242
roots rock,808.890805004111
alternative hip hop,800.784636838402
new wave pop,778.014908596778
heavy christmas,773.903264864624
juggalo,744.760777420302
industrial metal,723.057211193443
blues rock,700.925114569431
adult standards,694.590404375095
hard rock,668.917023313987
classic rock,624.559226776471
quiet storm,623.379121536709
folk rock,607.72170995925
operatic pop,596.231712593343
detroit hip hop,584.388542622919
country rock,556.247160723706
indie rock,538.825567961721
punk christmas,533.371086853913
lilith,524.500400952125
christmas,516.268305041917
christian alternative rock,492.281617700975
emo,428.115617052351
g funk,399.99468543751
christian christmas,387.477056956131
hurban,347.182316849182
honky tonk,345.694429181929
southern rock,320.910298313384
latin,315.515650182515
east coast hip hop,313.439537320716
indie christmas,303.441204067342
christian rock,298.654538708416
west coast rap,294.844141370912
classic funk rock,292.357619831149
candy pop,289.28671090671
traditional folk,286.373372626649
folk,286.373372626649
latin pop,286.501039792905
glam rock,284.587421671559
christian music,272.498225577103
lounge,265.823130937068
idol,255.214873426385
jazz christmas,253.960275722394
opera,243.018551602561
piano rock,226.307173055702
metalcore,225.769821956796
soul,226.423820930531
garage rock,213.203635288823
ccm,213.553994158404
acoustic pop,212.530950965922
worship,205.445227924638
british invasion,198.908029548139
merseybeat,198.908029548139
new age,197.788535123287
tropical,186.838887939546
jam band,185.621671777802
vocal jazz,186.521778279291
italian pop,175.803508664538
indie pop,176.720845792578
australian country,172.918140516138
dancehall,164.538859005275
screamo,164.395191445645
celtic christmas,162.096615931368
celtic,162.096615931368
modern country rock,159.612619350911
vegas indie,157.833110850502
metal,154.291305916306
punk,153.181483197049
rockabilly,152.076143124958
alternative r b,140.810126553873
chamber pop,140.207580841155
ska punk,139.016521271126
electronic,132.001042846043
gospel,116.022482172678
thrash metal,112.415007215007
speed metal,112.415007215007
old school hip hop,109.864146830981
lo fi,107.435538994113
industrial rock,107.55944778175
funk,105.053832570938
smooth jazz,105.564760069365
canadian metal,102.105908109169
synthpop,99.5999909979942
canadian country,94.4115475310598
melodic hardcore,94.7094010343228
skate punk,93.4818460729443
british blues,91.0132228968142
brill building pop,89.6313596800151
latin christmas,86.809567726959
cabaret,87.6561910311911
traditional country,86.407322516365
comic,86.1992486178226
indie folk,86.238028171602
jerk,80.3907310282309
bounce,80.777029588059
neo psychedelic,79.5464817346396
punk blues,79.4342023172906
reggae fusion,76.9194460652741
rock and roll,76.6688206085932
electric blues,76.0843900681362
glam metal,74.2073953823954
easy listening,73.104150862897
modern blues,66.7343900681362
memphis hip hop,65.1189168639732
motown,63.0769455690509
reggaeton,60.681277056277
latin hip hop,60.681277056277
post hardcore,58.9752127502127
comedy,59.6151216336956
power pop,59.5516335516336
piano blues,56.9023881819934
jazz blues,56.9023881819934
texas country,57.3474938460233
melancholia,57.3828185849238
bubblegum dance,56.1267513188566
eurodance,56.1267513188566
children s music,56.787355359339
soul blues,56.9023881819934
children s christmas,56.787355359339
jump blues,56.9023881819934
sleaze rock,54.3046176046176
big beat,54.2090476190477
indietronica,52.0468785600364
melodic metalcore,52.6555288931549
anti folk,50.8939393939393
talent show,50.2016629711752
australian pop,48.2760323010323
grunge pop,45.1253246753247
underground hip hop,42.2007936507936
hardcore punk,41.6315587820125
space rock,42.0166730328494
texas blues,38.7636446886447
australian alternative rock,39.6721120984279
salsa,38.0456349206349
bow pop,35.018643685082
dance punk,35.2326649958229
surf music,34.0642424242425
outlaw country,31.3529411764706
art rock,31.8990259740259
electro latino,29.0146103896104
italo dance,29.424358974359
industrial,29.7418994990355
hip house,29.424358974359
new wave,24.109126984127
electropowerpop,22.7380952380953
symphonic rock,23.3454545454545
swing,23.9887107474569
hyphy,24.8166666666667
progressive rock,23.3454545454545
irish folk,23.4217171717172
psychedelic rock,23.3454545454545
country gospel,22.264411027569
ska,21.5175438596491
britpop,21.2111111111111
madchester,21.2111111111111
slow core,20.1547619047619
noise pop,21.1369047619047
viral pop,21.125
intelligent dance music,18.229797979798
alternative country,18.3290764790765
detroit techno,18.229797979798
techno,18.229797979798
acid house,18.229797979798
australian dance,16.7435897435897
new romantic,15.5555555555556
dance rock,15.5555555555556
welsh rock,12.9848484848485
disco,13.6527964959569
stoner rock,13.1515151515152
progressive bluegrass,13.625
pop emo,13.6527964959569
classical performance,12.125
jangle pop,12.5833333333333
alternative dance,13.5238095238095
bassline,14.1666666666667
stoner metal,13.1515151515152
celtic rock,13.518643685082
bluegrass,13.625
stomp and holler,12.5833333333333
new rave,13.5238095238095
classical,12.125
romantic,12.125
classical christmas,12.125
progressive house,10.1455555555556
mariachi,10.6667311411992
ranchera,10.6667311411992
tribal house,10.1455555555556
nu gaze,8.55357142857143
bachata,9.35
vocal house,10.1455555555556
disco house,10.1455555555556
grupera,10.6667311411992
nashville sound,11
norteno,10.6667311411992
christian punk,9.35
movie tunes,10.1521028538731
regional mexican,10.6667311411992
dream pop,8.55357142857143
canadian pop,9.35
progressive metal,9.45
edm,10.1455555555556
neo classical metal,9.45
house,10.1455555555556
deep acoustic pop,10.1309523809524
christian hip hop,8.10876623376623
roots reggae,8.78421052631579
reggae,8.78421052631579
comedy rock,7.76666666666667
